ref	contig
Esch_albertii_05-3106	NZ_CP030778.2
Esch_albertii_05-3106	NZ_CP030779.2
Esch_albertii_05-3106	NZ_CP030780.2
Esch_albertii_06-3542	NZ_CP034162.1
Esch_albertii_06-3542	NZ_CP034163.1
Esch_albertii_07-3866	NZ_CP030781.1
Esch_albertii_07-3866	NZ_CP030782.1
Esch_albertii_1551-2	NZ_CP025317.1
Esch_albertii_2012EL-1823B	NZ_CP030783.2
Esch_albertii_2012EL-1823B	NZ_CP030784.2
Esch_albertii_2012EL-1823B	NZ_CP030785.2
Esch_albertii_2012EL-1823B	NZ_CP030786.2
Esch_albertii_2013C-4143	NZ_CP030787.2
Esch_albertii_2014C-4015	NZ_CP034166.1
Esch_albertii_2014C-4015	NZ_CP034165.1
Esch_albertii_2014C-4015	NZ_CP034164.1
Esch_albertii_2014C-4015	NZ_CP034167.1
Esch_albertii_2014C-4356	NZ_CP024282.1
Esch_albertii_2014C-4356	NZ_CP024283.1
Esch_albertii_2014C-4356	NZ_CP024284.1
Esch_albertii_2014C-4356	NZ_CP024285.1
Esch_albertii_2014C-4356	NZ_CP024286.1
Esch_albertii_2014C-4356	NZ_CP024287.1
Esch_albertii_2014C-4356	NZ_CP024288.1
Esch_albertii_CB9786	NZ_AP014856.1
Esch_albertii_ChinaSP140150	NZ_CP025676.1
Esch_albertii_ChinaSP140150	NZ_CP025677.1
Esch_albertii_ChinaSP140150	NZ_CP025678.1
Esch_albertii_ChinaSP140150	NZ_CP025679.1
Esch_albertii_EC06-170	NZ_AP014857.1
Esch_albertii_KF1	NZ_CP007025.1
Esch_albertii_NCTC_9362	NZ_CP034213.1
Esch_albertii_NCTC_9362	NZ_CP034214.1
Esch_albertii_NIAH_Bird_3	NZ_AP014855.1
Esch_coli_00-3076	NZ_CP027584.1
Esch_coli_00-3076	NZ_CP027585.1
Esch_coli_042	NC_017626.1
Esch_coli_042	NC_017627.1
Esch_coli_05-3629	NZ_CP027373.1
Esch_coli_05-3629	NZ_CP027374.1
Esch_coli_05-3629	NZ_CP027375.1
Esch_coli_06-00048	NZ_CP015229.1
Esch_coli_06-00048	NZ_CP012498.1
Esch_coli_06-3462	NZ_CP034794.1
Esch_coli_06-3462	NZ_CP034795.1
Esch_coli_07-4299	NZ_CP027462.1
Esch_coli_07-4299	NZ_CP027463.1
Esch_coli_08-00022	NZ_CP013662.1
Esch_coli_08-00022	NZ_CP012501.1
Esch_coli_08-3914	NZ_CP034808.1
Esch_coli_08-3914	NZ_CP034809.1
Esch_coli_08-3918	NZ_CP034797.1
Esch_coli_08-3918	NZ_CP034796.1
Esch_coli_08-3918	NZ_CP034798.1
Esch_coli_09-00049	NZ_CP015228.1
Esch_coli_09-00049	NZ_CP012500.1
Esch_coli_103605	NZ_CP025920.1
Esch_coli_103605	NZ_CP025921.1
Esch_coli_103605	NZ_CP025922.1
Esch_coli_103	NZ_LT615378.1
Esch_coli_103_GCF_004564175.1	NZ_CP020495.1
Esch_coli_103_GCF_004564175.1	NZ_CP020496.1
Esch_coli_103_GCF_004564175.1	NZ_CP020497.1
Esch_coli_104	NZ_CP029164.1
Esch_coli_105	NZ_CP028700.1
Esch_coli_105	NZ_CP028701.1
Esch_coli_10671	NZ_CP018250.1
Esch_coli_10671	NZ_CP018251.1
Esch_coli_106	NZ_LT615377.1
Esch_coli_106_GCF_005222345.1	NZ_CP028698.1
Esch_coli_106_GCF_005222345.1	NZ_CP028699.1
Esch_coli_107	NZ_CP028695.1
Esch_coli_107	NZ_CP028697.1
Esch_coli_107	NZ_CP028696.1
Esch_coli_108	NZ_CP028693.1
Esch_coli_108	NZ_CP028694.1
Esch_coli_109	NZ_CP028690.1
Esch_coli_109	NZ_CP028692.1
Esch_coli_109	NZ_CP028691.1
Esch_coli_1105	NZ_CP023388.1
Esch_coli_1105	NZ_CP023389.1
Esch_coli_110	NZ_CP028687.1
Esch_coli_110	NZ_CP028689.1
Esch_coli_110	NZ_CP028688.1
Esch_coli_11128	NC_013364.1
Esch_coli_11128	NC_013365.1
Esch_coli_11128	NC_013370.1
Esch_coli_11128	NC_013366.1
Esch_coli_11128	NC_013367.1
Esch_coli_11128	NC_013368.1
Esch_coli_111	NZ_CP028685.1
Esch_coli_111	NZ_CP028686.1
Esch_coli_112	NZ_CP028683.1
Esch_coli_112	NZ_CP028684.1
Esch_coli_1130	NZ_CP017434.1
Esch_coli_1130	NZ_CP017435.1
Esch_coli_11368	NC_013361.1
Esch_coli_11368	NC_013369.1
Esch_coli_11368	NC_013362.1
Esch_coli_11368	NC_013363.1
Esch_coli_11368	NC_014543.1
Esch_coli_113	NZ_CP028680.1
Esch_coli_113	NZ_CP028682.1
Esch_coli_113	NZ_CP028681.1
Esch_coli_114	NZ_CP028677.1
Esch_coli_114	NZ_CP028679.1
Esch_coli_114	NZ_CP028678.1
Esch_coli_115	NZ_CP028674.1
Esch_coli_115	NZ_CP028676.1
Esch_coli_115	NZ_CP028675.1
Esch_coli_116	NZ_CP028671.1
Esch_coli_116	NZ_CP028673.1
Esch_coli_116	NZ_CP028672.1
Esch_coli_117	NZ_CP028668.1
Esch_coli_117	NZ_CP028670.1
Esch_coli_117	NZ_CP028669.1
Esch_coli_118	NZ_CP028665.1
Esch_coli_118	NZ_CP028667.1
Esch_coli_118	NZ_CP028666.1
Esch_coli_118UI	NZ_CP032515.1
Esch_coli_118UI	NZ_CP032517.1
Esch_coli_118UI	NZ_CP032516.1
Esch_coli_1190	NZ_CP023386.1
Esch_coli_1190	NZ_CP023387.1
Esch_coli_119	NZ_CP028662.1
Esch_coli_119	NZ_CP028664.1
Esch_coli_119	NZ_CP028663.1
Esch_coli_12009	NC_013353.1
Esch_coli_12009	NC_013354.1
Esch_coli_120899	NZ_CP025916.1
Esch_coli_120899	NZ_CP025917.1
Esch_coli_120899	NZ_CP025919.1
Esch_coli_120899	NZ_CP025918.1
Esch_coli_120	NZ_CP028659.1
Esch_coli_120	NZ_CP028661.1
Esch_coli_120	NZ_CP028660.1
Esch_coli_121	NZ_CP028656.1
Esch_coli_121	NZ_CP028658.1
Esch_coli_121	NZ_CP028657.1
Esch_coli_1223	NZ_CP023383.1
Esch_coli_1223	NZ_CP023384.1
Esch_coli_1223	NZ_CP023385.1
Esch_coli_122	NZ_CP028654.1
Esch_coli_122	NZ_CP028655.1
Esch_coli_123	NZ_CP028652.1
Esch_coli_123	NZ_CP028653.1
Esch_coli_124	NZ_CP028650.1
Esch_coli_124	NZ_CP028651.1
Esch_coli_127	NZ_CP023377.1
Esch_coli_127	NZ_CP023378.1
Esch_coli_127	NZ_CP023379.1
Esch_coli_127	NZ_CP023380.1
Esch_coli_127	NZ_CP023381.1
Esch_coli_127	NZ_CP023382.1
Esch_coli_1283	NZ_CP023371.1
Esch_coli_1283	NZ_CP023372.1
Esch_coli_1283	NZ_CP023374.1
Esch_coli_1283	NZ_CP023373.1
Esch_coli_1283	NZ_CP023375.1
Esch_coli_1283	NZ_CP023376.1
Esch_coli_1303	NZ_CP009166.1
Esch_coli_1303	NZ_CP009167.1
Esch_coli_1303	NZ_CP009169.1
Esch_coli_1303	NZ_CP009168.1
Esch_coli_130	NZ_CP028647.1
Esch_coli_130	NZ_CP028649.1
Esch_coli_130	NZ_CP028648.1
Esch_coli_131	NZ_CP028644.1
Esch_coli_131	NZ_CP028646.1
Esch_coli_131	NZ_CP028645.1
Esch_coli_132	NZ_CP028641.1
Esch_coli_132	NZ_CP028643.1
Esch_coli_132	NZ_CP028642.1
Esch_coli_133	NZ_CP028638.1
Esch_coli_133	NZ_CP028640.1
Esch_coli_133	NZ_CP028639.1
Esch_coli_134	NZ_CP028635.1
Esch_coli_134	NZ_CP028637.1
Esch_coli_134	NZ_CP028636.1
Esch_coli_135	NZ_CP028632.1
Esch_coli_135	NZ_CP028634.1
Esch_coli_135	NZ_CP028633.1
Esch_coli_136	NZ_CP028629.1
Esch_coli_136	NZ_CP028631.1
Esch_coli_136	NZ_CP028630.1
Esch_coli_137	NZ_CP028626.1
Esch_coli_137	NZ_CP028628.1
Esch_coli_137	NZ_CP028627.1
Esch_coli_138	NZ_CP028623.1
Esch_coli_138	NZ_CP028625.1
Esch_coli_138	NZ_CP028624.1
Esch_coli_139	NZ_CP028620.1
Esch_coli_139	NZ_CP028622.1
Esch_coli_139	NZ_CP028621.1
Esch_coli_13E0725	NZ_CP020092.1
Esch_coli_13E0767	NZ_CP020107.1
Esch_coli_13E0780	NZ_CP020106.1
Esch_coli_140	NZ_CP028617.1
Esch_coli_140	NZ_CP028619.1
Esch_coli_140	NZ_CP028618.1
Esch_coli_141	NZ_CP028614.1
Esch_coli_141	NZ_CP028616.1
Esch_coli_141	NZ_CP028615.1
Esch_coli_1428	NZ_CP023366.1
Esch_coli_1428	NZ_CP023367.1
Esch_coli_1428	NZ_CP023368.1
Esch_coli_1428	NZ_CP023369.1
Esch_coli_1428	NZ_CP023370.1
Esch_coli_142	NZ_CP028609.1
Esch_coli_142	NZ_CP028612.1
Esch_coli_142	NZ_CP028611.1
Esch_coli_142	NZ_CP028610.1
Esch_coli_142	NZ_CP028613.1
Esch_coli_143	NZ_CP028607.1
Esch_coli_143	NZ_CP028608.1
Esch_coli_144	NZ_CP028603.1
Esch_coli_144	NZ_CP028606.1
Esch_coli_144	NZ_CP028605.1
Esch_coli_144	NZ_CP028604.1
Esch_coli_144_GCF_002310595.1	NZ_CP023364.1
Esch_coli_144_GCF_002310595.1	NZ_CP023363.1
Esch_coli_144_GCF_002310595.1	NZ_CP023365.1
Esch_coli_147	NZ_CP028600.1
Esch_coli_147	NZ_CP028602.1
Esch_coli_147	NZ_CP028601.1
Esch_coli_148	NZ_CP028598.1
Esch_coli_148	NZ_CP028599.1
Esch_coli_149	NZ_CP028596.1
Esch_coli_149	NZ_CP028597.1
Esch_coli_14EC001	NZ_CP024127.1
Esch_coli_14EC001	NZ_CP024128.1
Esch_coli_14EC001	NZ_CP024129.1
Esch_coli_14EC001	NZ_CP024130.1
Esch_coli_14EC007	NZ_CP024131.1
Esch_coli_14EC007	NZ_CP024132.1
Esch_coli_14EC007	NZ_CP024133.1
Esch_coli_14EC017	NZ_CP024134.1
Esch_coli_14EC017	NZ_CP024135.1
Esch_coli_14EC017	NZ_CP024136.1
Esch_coli_14EC017	NZ_CP024137.1
Esch_coli_14EC020	NZ_CP024138.1
Esch_coli_14EC020	NZ_CP024139.1
Esch_coli_14EC020	NZ_CP024140.1
Esch_coli_14EC029	NZ_CP024141.1
Esch_coli_14EC029	NZ_CP024142.1
Esch_coli_14EC029	NZ_CP024143.1
Esch_coli_14EC029	NZ_CP024144.1
Esch_coli_14EC029	NZ_CP024145.1
Esch_coli_14EC029	NZ_CP024146.1
Esch_coli_14EC033	NZ_CP024147.1
Esch_coli_14EC033	NZ_CP024148.1
Esch_coli_14EC033	NZ_CP024149.1
Esch_coli_14EC033	NZ_CP024150.1
Esch_coli_14EC033	NZ_CP024151.1
Esch_coli_14EC033	NZ_CP024152.1
Esch_coli_14EC033	NZ_CP024153.1
Esch_coli_14EC033	NZ_CP024154.1
Esch_coli_14EC047	NZ_CP024155.1
Esch_coli_14EC047	NZ_CP024156.1
Esch_coli_14EC047	NZ_CP024157.1
Esch_coli_14EC047	NZ_CP024158.1
Esch_coli_150	NZ_CP028592.1
Esch_coli_150	NZ_CP028595.1
Esch_coli_150	NZ_CP028594.1
Esch_coli_150	NZ_CP028593.1
Esch_coli_155	NZ_CP018237.1
Esch_coli_155	NZ_CP018238.1
Esch_coli_16-9255	NZ_CP022407.1
Esch_coli_16-9255	NZ_CP022408.1
Esch_coli_180-PT54	NZ_CP015832.1
Esch_coli_180-PT54	NZ_CP015833.1
Esch_coli_1943	NZ_CP023359.1
Esch_coli_1943	NZ_CP023360.1
Esch_coli_1943	NZ_CP023361.1
Esch_coli_1943	NZ_CP023362.1
Esch_coli_1A	NZ_CP026361.1
Esch_coli_1FA	NZ_CP026360.1
Esch_coli_2009C-3133	NZ_CP013025.1
Esch_coli_2009C-3133	NZ_CP013024.1
Esch_coli_2009C-3133	NZ_CP013026.1
Esch_coli_2009C-3133	NZ_CP013027.1
Esch_coli_2009C-3378	NZ_CP034792.1
Esch_coli_2009C-3378	NZ_CP034793.1
Esch_coli_2009C-3554	NZ_CP034803.1
Esch_coli_2009C-3554	NZ_CP034804.1
Esch_coli_2009C-3554	NZ_CP034805.1
Esch_coli_2009C-4687	NZ_CP034799.1
Esch_coli_2009C-4687	NZ_CP034800.1
Esch_coli_2009EL-2050	NC_018650.1
Esch_coli_2009EL-2050	NC_018651.1
Esch_coli_2009EL-2050	NC_018654.1
Esch_coli_2009EL-2050	NC_018652.1
Esch_coli_2009EL-2071	NC_018661.1
Esch_coli_2009EL-2071	NC_018662.1
Esch_coli_2009EL-2071	NC_018663.1
Esch_coli_2010C-3142	NZ_CP034801.1
Esch_coli_2010C-3142	NZ_CP034802.1
Esch_coli_2010C-3347	NZ_CP034806.1
Esch_coli_2010C-3347	NZ_CP034807.1
Esch_coli_2011C-3493	NC_018658.1
Esch_coli_2011C-3493	NC_018666.1
Esch_coli_2011C-3493	NC_018659.1
Esch_coli_2011C-3493	NC_018660.1
Esch_coli_2011C-3911	NZ_CP015240.1
Esch_coli_2011C-3911	NZ_CP015239.1
Esch_coli_2011C-4251	NZ_CP027388.1
Esch_coli_2011C-4251	NZ_CP027389.1
Esch_coli_2011C-4315	NZ_CP024479.1
Esch_coli_2011C-4315	NZ_CP024480.1
Esch_coli_2011C-4315	NZ_CP024481.1
Esch_coli_2011EL-1370-2	NZ_CP022912.1
Esch_coli_2011EL-1370-2	NZ_CP022913.1
Esch_coli_2011EL-1370-2	NZ_CP022914.1
Esch_coli_2012C-4221	NZ_CP027437.1
Esch_coli_2012C-4221	NZ_CP027438.1
Esch_coli_2012C-4221	NZ_CP027439.1
Esch_coli_2012C-4227	NZ_CP013029.1
Esch_coli_2012C-4227	NZ_CP013028.1
Esch_coli_2012C-4227	NZ_CP013030.1
Esch_coli_2012C-4431	NZ_CP024289.1
Esch_coli_2012C-4431	NZ_CP024290.1
Esch_coli_2012C-4431	NZ_CP024291.1
Esch_coli_2012C-4431	NZ_CP024292.1
Esch_coli_2012C-4502	NZ_CP027440.1
Esch_coli_2012C-4502	NZ_CP027441.1
Esch_coli_2012C-4606	NZ_CP027352.1
Esch_coli_2012C-4606	NZ_CP027353.1
Esch_coli_2012C-4606	NZ_CP027354.1
Esch_coli_2012EL-2448	NZ_CP027586.1
Esch_coli_2013C-3033	NZ_CP027323.1
Esch_coli_2013C-3033	NZ_CP027324.1
Esch_coli_2013C-3181	NZ_CP027312.1
Esch_coli_2013C-3250	NZ_CP027380.1
Esch_coli_2013C-3250	NZ_CP027381.1
Esch_coli_2013C-3250	NZ_CP027382.1
Esch_coli_2013C-3250	NZ_CP027383.1
Esch_coli_2013C-3250	NZ_CP027384.1
Esch_coli_2013C-3250	NZ_CP027385.1
Esch_coli_2013C-3252	NZ_CP027442.1
Esch_coli_2013C-3252	NZ_CP027443.1
Esch_coli_2013C-3252	NZ_CP027444.1
Esch_coli_2013C-3264	NZ_CP027544.1
Esch_coli_2013C-3264	NZ_CP027545.1
Esch_coli_2013C-3277	NZ_CP027331.1
Esch_coli_2013C-3277	NZ_CP027332.1
Esch_coli_2013C-3277	NZ_CP027333.1
Esch_coli_2013C-3277	NZ_CP027334.1
Esch_coli_2013C-3342	NZ_CP027766.1
Esch_coli_2013C-3342	NZ_CP027767.1
Esch_coli_2013C-3492	NZ_CP027445.1
Esch_coli_2013C-3492	NZ_CP027446.1
Esch_coli_2013C-3513	NZ_CP027555.1
Esch_coli_2013C-3513	NZ_CP027554.1
Esch_coli_2013C-3513	NZ_CP027556.1
Esch_coli_2013C-4081	NZ_CP027573.1
Esch_coli_2013C-4081	NZ_CP027574.1
Esch_coli_2013C-4081	NZ_CP027575.1
Esch_coli_2013C-4081	NZ_CP027576.1
Esch_coli_2013C-4187	NZ_CP027546.1
Esch_coli_2013C-4187	NZ_CP027547.1
Esch_coli_2013C-4225	NZ_CP027577.1
Esch_coli_2013C-4225	NZ_CP027578.1
Esch_coli_2013C-4282	NZ_CP027579.1
Esch_coli_2013C-4282	NZ_CP027580.1
Esch_coli_2013C-4282	NZ_CP027581.1
Esch_coli_2013C-4361	NZ_CP027347.1
Esch_coli_2013C-4361	NZ_CP027348.1
Esch_coli_2013C-4465	NZ_CP015241.1
Esch_coli_2013C-4465	NZ_CP015242.1
Esch_coli_2013C-4538	NZ_CP027582.1
Esch_coli_2013C-4538	NZ_CP027583.1
Esch_coli_2013C-4830	NZ_CP027325.1
Esch_coli_2013C-4830	NZ_CP027326.1
Esch_coli_2013C-4830	NZ_CP027327.1
Esch_coli_2013C-4974	NZ_CP027587.1
Esch_coli_2013C-4974	NZ_CP027588.1
Esch_coli_2013C-4991	NZ_CP027355.1
Esch_coli_2013C-4991	NZ_CP027356.1
Esch_coli_2013C-4991	NZ_CP027357.1
Esch_coli_2013C-4991	NZ_CP027358.1
Esch_coli_2014C-3011	NZ_CP027591.1
Esch_coli_2014C-3011	NZ_CP027589.1
Esch_coli_2014C-3011	NZ_CP027590.1
Esch_coli_2014C-3011	NZ_CP027592.1
Esch_coli_2014C-3050	NZ_CP027472.1
Esch_coli_2014C-3050	NZ_CP027473.1
Esch_coli_2014C-3051	NZ_CP027338.1
Esch_coli_2014C-3051	NZ_CP027339.1
Esch_coli_2014C-3057	NZ_CP027387.1
Esch_coli_2014C-3057	NZ_CP027386.1
Esch_coli_2014C-3061	NZ_CP027548.1
Esch_coli_2014C-3061	NZ_CP027549.1
Esch_coli_2014C-3075	NZ_CP027447.1
Esch_coli_2014C-3075	NZ_CP027448.1
Esch_coli_2014C-3097	NZ_CP027449.1
Esch_coli_2014C-3097	NZ_CP027450.1
Esch_coli_2014C-3097	NZ_CP027451.1
Esch_coli_2014C-3307	NZ_CP027368.1
Esch_coli_2014C-3307	NZ_CP027369.1
Esch_coli_2014C-3307	NZ_CP027370.1
Esch_coli_2014C-3338	NZ_CP027452.1
Esch_coli_2014C-3338	NZ_CP027453.1
Esch_coli_2014C-3599	NZ_CP027435.1
Esch_coli_2014C-3599	NZ_CP027436.1
Esch_coli_2014C-3655	NZ_CP027351.1
Esch_coli_2014C-3655	NZ_CP027350.1
Esch_coli_2014C-3946	NZ_CP027344.1
Esch_coli_2014C-3946	NZ_CP027345.1
Esch_coli_2014C-3946	NZ_CP027346.1
Esch_coli_2014C-4135	NZ_CP027310.1
Esch_coli_2014C-4135	NZ_CP027311.1
Esch_coli_2014C-4423	NZ_CP027454.1
Esch_coli_2014C-4423	NZ_CP027455.1
Esch_coli_2014C-4423	NZ_CP027456.1
Esch_coli_2014C-4587	NZ_CP027342.1
Esch_coli_2014C-4587	NZ_CP027343.1
Esch_coli_2014EL-1343-2	NZ_CP024228.1
Esch_coli_2014EL-1343-2	NZ_CP024229.1
Esch_coli_2014EL-1343-2	NZ_CP024230.1
Esch_coli_2014EL-1343-2	NZ_CP024231.1
Esch_coli_2014EL-1345-2	NZ_CP024223.1
Esch_coli_2014EL-1345-2	NZ_CP024224.1
Esch_coli_2014EL-1345-2	NZ_CP024225.1
Esch_coli_2014EL-1345-2	NZ_CP024226.1
Esch_coli_2014EL-1345-2	NZ_CP024227.1
Esch_coli_2014EL-1346-6	NZ_CP024232.1
Esch_coli_2014EL-1346-6	NZ_CP024233.1
Esch_coli_2014EL-1346-6	NZ_CP024234.1
Esch_coli_2014EL-1346-6	NZ_CP024235.1
Esch_coli_2014EL-1346-6	NZ_CP024236.1
Esch_coli_2014EL-1346-6	NZ_CP024237.1
Esch_coli_2015C-3101	NZ_CP027221.1
Esch_coli_2015C-3101	NZ_CP027222.1
Esch_coli_2015C-3101	NZ_CP027223.1
Esch_coli_2015C-3107	NZ_CP027317.1
Esch_coli_2015C-3107	NZ_CP027318.1
Esch_coli_2015C-3108	NZ_CP027307.1
Esch_coli_2015C-3108	NZ_CP027308.1
Esch_coli_2015C-3108	NZ_CP027309.1
Esch_coli_2015C-3121	NZ_CP027340.1
Esch_coli_2015C-3121	NZ_CP027341.1
Esch_coli_2015C-3125	NZ_CP027763.1
Esch_coli_2015C-3125	NZ_CP027764.1
Esch_coli_2015C-3125	NZ_CP027765.1
Esch_coli_2015C-3163	NZ_CP027219.1
Esch_coli_2015C-3163	NZ_CP027220.1
Esch_coli_2015C-3905	NZ_CP027371.1
Esch_coli_2015C-3905	NZ_CP027372.1
Esch_coli_2015C-4136CT1	NZ_CP027550.1
Esch_coli_2015C-4136CT1	NZ_CP027551.1
Esch_coli_2015C-4498	NZ_CP027552.1
Esch_coli_2015C-4498	NZ_CP027553.1
Esch_coli_2015C-4944	NZ_CP027390.1
Esch_coli_2015C-4944	NZ_CP027391.1
Esch_coli_2016C-3878	NZ_CP029747.1
Esch_coli_2016C-3878	NZ_CP029748.1
Esch_coli_2017C-4109	NZ_CP030767.1
Esch_coli_2017C-4109	NZ_CP030765.1
Esch_coli_2017C-4109	NZ_CP030766.1
Esch_coli_2017C-4173W12	NZ_CP030768.1
Esch_coli_2017C-4173W12	NZ_CP030770.1
Esch_coli_2017C-4173W12	NZ_CP030769.1
Esch_coli_203740	NZ_CP025913.1
Esch_coli_203740	NZ_CP025915.1
Esch_coli_203740	NZ_CP025914.1
Esch_coli_204446	NZ_CP025910.1
Esch_coli_204446	NZ_CP025911.1
Esch_coli_204446	NZ_CP025912.1
Esch_coli_20Ec-P-124	NZ_AP017610.1
Esch_coli_20Ec-P-124	NZ_AP017611.1
Esch_coli_20Ec-P-124	NZ_AP017612.1
Esch_coli_20Ec-P-124	NZ_AP017613.1
Esch_coli_20Ec-P-124	NZ_AP017614.1
Esch_coli_20Ec-P-124	NZ_AP017615.1
Esch_coli_20Ec-P-124	NZ_AP017616.1
Esch_coli_2_0	NZ_CP023853.1
Esch_coli_2_0	NZ_CP023854.1
Esch_coli_2_0	NZ_CP023855.1
Esch_coli_2_0	NZ_CP023856.1
Esch_coli_2_0	NZ_CP023857.1
Esch_coli_2_0	NZ_CP023858.1
Esch_coli_2_0_GCF_002952955.1	NZ_CP026359.1
Esch_coli_210205630	NZ_CP015912.1
Esch_coli_210205630	NZ_CP015913.1
Esch_coli_210205630	NZ_CP015914.1
Esch_coli_210205630	NZ_CP015915.1
Esch_coli_210205630	NZ_CP015916.1
Esch_coli_210205630	NZ_CP015917.1
Esch_coli_210221272	NZ_CP016404.1
Esch_coli_210221272	NZ_CP016405.1
Esch_coli_214-4	NZ_CP025840.1
Esch_coli_214-4	NZ_CP025841.1
Esch_coli_2149	NZ_CP017436.1
Esch_coli_2149	NZ_CP017437.1
Esch_coli_2159	NZ_CP017438.1
Esch_coli_2159	NZ_CP017439.1
Esch_coli_2452	NZ_CP031833.1
Esch_coli_26561	NZ_CP027118.1
Esch_coli_26561	NZ_CP027119.1
Esch_coli_26561	NZ_CP027120.1
Esch_coli_266917_2	NZ_CP026723.1
Esch_coli_266917_2	NZ_CP026724.1
Esch_coli_266917_2	NZ_CP026725.1
Esch_coli_266917_2	NZ_CP026726.1
Esch_coli_266917_2	NZ_CP026727.1
Esch_coli_266917_2	NZ_CP026728.1
Esch_coli_272	NZ_CP018239.1
Esch_coli_272	NZ_CP018240.1
Esch_coli_28Eco12	NZ_CP038505.1
Esch_coli_28Eco12	NZ_CP038506.1
Esch_coli_28RC1	NZ_CP015020.1
Esch_coli_28RC1	NZ_CP015021.1
Esch_coli_2A	NZ_CP026358.1
Esch_coli_2F_0	NZ_CP026357.1
Esch_coli_2FA	NZ_CP026356.1
Esch_coli_2_HS-C	NZ_CP038180.1
Esch_coli_2_HS-C	NZ_CP038181.1
Esch_coli_2_HS-C	NZ_CP038182.1
Esch_coli_300709	NZ_CP025903.1
Esch_coli_300709	NZ_CP025905.1
Esch_coli_300709	NZ_CP025904.1
Esch_coli_317	NZ_CP023357.1
Esch_coli_317	NZ_CP023358.1
Esch_coli_319	NZ_CP018241.1
Esch_coli_319	NZ_CP018242.1
Esch_coli_3384	NZ_CP017440.1
Esch_coli_3384	NZ_CP017441.1
Esch_coli_3385	NZ_CP029420.1
Esch_coli_3385	NZ_CP029421.1
Esch_coli_3385	NZ_CP029422.1
Esch_coli_350	NZ_CP018243.1
Esch_coli_350	NZ_CP018244.1
Esch_coli_377323_2f	NZ_CP039404.1
Esch_coli_377323_2f	NZ_CP039405.1
Esch_coli_382634_2f	NZ_CP039403.1
Esch_coli_3A	NZ_CP026355.1
Esch_coli_3FA	NZ_CP026354.1
Esch_coli_4_0	NZ_CP023849.1
Esch_coli_4_0	NZ_CP023850.1
Esch_coli_4_0	NZ_CP023851.1
Esch_coli_4_0	NZ_CP023852.1
Esch_coli_4_1-1	NZ_CP023844.1
Esch_coli_4_1-1	NZ_CP023845.1
Esch_coli_4_1-1	NZ_CP023846.1
Esch_coli_4_1-1	NZ_CP023847.1
Esch_coli_4_1-1	NZ_CP023848.1
Esch_coli_4_2-1	NZ_CP023834.1
Esch_coli_4_2-1	NZ_CP023835.1
Esch_coli_4_2-1	NZ_CP023836.1
Esch_coli_4_2-1	NZ_CP023837.1
Esch_coli_4_2-1	NZ_CP023838.1
Esch_coli_4276	NZ_CP017442.1
Esch_coli_4276	NZ_CP017443.1
Esch_coli_4_4	NZ_CP023826.1
Esch_coli_4_4	NZ_CP023827.1
Esch_coli_4_4	NZ_CP023828.1
Esch_coli_4_4	NZ_CP023829.1
Esch_coli_4_4	NZ_CP023830.1
Esch_coli_4_4	NZ_CP023831.1
Esch_coli_4_4	NZ_CP023832.1
Esch_coli_4_4	NZ_CP023833.1
Esch_coli_472	NZ_CP018245.1
Esch_coli_472	NZ_CP018246.1
Esch_coli_4A	NZ_CP026353.1
Esch_coli_4FA	NZ_CP026352.1
Esch_coli_503025	NZ_CP025892.1
Esch_coli_503025	NZ_CP025894.1
Esch_coli_503025	NZ_CP025893.1
Esch_coli_503025	NZ_CP025895.1
Esch_coli_503440	NZ_CP025881.1
Esch_coli_503440	NZ_CP025883.1
Esch_coli_503440	NZ_CP025882.1
Esch_coli_503440	NZ_CP025885.1
Esch_coli_503440	NZ_CP025884.1
Esch_coli_503829	NZ_CP025869.1
Esch_coli_503829	NZ_CP025870.1
Esch_coli_503829	NZ_CP025871.1
Esch_coli_503829	NZ_CP025872.1
Esch_coli_504211	NZ_CP025865.1
Esch_coli_504211	NZ_CP025868.1
Esch_coli_504211	NZ_CP025867.1
Esch_coli_504211	NZ_CP025866.1
Esch_coli_504237	NZ_CP025862.1
Esch_coli_504237	NZ_CP025863.1
Esch_coli_504237	NZ_CP025864.1
Esch_coli_504239	NZ_CP025859.1
Esch_coli_504239	NZ_CP025860.1
Esch_coli_504239	NZ_CP025861.1
Esch_coli_504838	NZ_CP025856.1
Esch_coli_504838	NZ_CP025857.1
Esch_coli_504838	NZ_CP025858.1
Esch_coli_50579417	NZ_CP033884.1
Esch_coli_50579417	NZ_CP033882.1
Esch_coli_50579417	NZ_CP033883.1
Esch_coli_50579417	NZ_CP033880.1
Esch_coli_50579417	NZ_CP033881.1
Esch_coli_50579417	NZ_CP033879.1
Esch_coli_510016	NZ_CP025851.1
Esch_coli_510016	NZ_CP025852.1
Esch_coli_510016	NZ_CP025853.1
Esch_coli_510016	NZ_CP025854.1
Esch_coli_510016	NZ_CP025855.1
Esch_coli_51008369SK1	NZ_CP029973.1
Esch_coli_51008369SK1	NZ_CP029974.1
Esch_coli_51008369SK1	NZ_CP029975.1
Esch_coli_51008369SK1	NZ_CP029976.1
Esch_coli_51008369SK1	NZ_CP029977.1
Esch_coli_51008369SK1	NZ_CP029978.1
Esch_coli_536	NC_008253.1
Esch_coli_55989	NC_011748.1
Esch_coli_5A	NZ_CP026351.1
Esch_coli_5CRE51	NZ_CP021175.1
Esch_coli_5CRE51	NZ_CP021176.1
Esch_coli_5CRE51	NZ_CP021177.1
Esch_coli_5FA	NZ_CP026350.1
Esch_coli_600468	NZ_CP025849.1
Esch_coli_600468	NZ_CP025850.1
Esch_coli_602354	NZ_CP025847.1
Esch_coli_602354	NZ_CP025848.1
Esch_coli_6409	NZ_CP010371.1
Esch_coli_6409	NZ_CP010372.1
Esch_coli_6409	NZ_CP010373.2
Esch_coli_644-PT8	NZ_CP015831.1
Esch_coli_6666666_257727_embl	NZ_LT883139.1
Esch_coli_6666666_257727_embl	NZ_LT883140.1
Esch_coli_6666666_257727_embl	NZ_LT883141.1
Esch_coli_6666666_257727_embl	NZ_LT883142.1
Esch_coli_675SK2	NZ_CP027701.1
Esch_coli_675SK2	NZ_CP027703.1
Esch_coli_6A	NZ_CP026349.1
Esch_coli_6FA	NZ_CP026348.1
Esch_coli_720632	NZ_CP025842.1
Esch_coli_720632	NZ_CP025843.1
Esch_coli_720632	NZ_CP025845.1
Esch_coli_720632	NZ_CP025846.1
Esch_coli_720632	NZ_CP025844.1
Esch_coli_7_2	NZ_CP023820.1
Esch_coli_7_2	NZ_CP023821.1
Esch_coli_7_2	NZ_CP023822.1
Esch_coli_7_2	NZ_CP023823.1
Esch_coli_7_2	NZ_CP023824.1
Esch_coli_7_2	NZ_CP023825.1
Esch_coli_746	NZ_CP023353.1
Esch_coli_746	NZ_CP023354.1
Esch_coli_746	NZ_CP023355.1
Esch_coli_746	NZ_CP023356.1
Esch_coli_7784	NZ_CP018247.1
Esch_coli_7784	NZ_CP018248.1
Esch_coli_7A	NZ_CP026347.1
Esch_coli_7FA	NZ_CP026346.1
Esch_coli_81009	NZ_CP021179.1
Esch_coli_81009	NZ_CP021180.1
Esch_coli_8368	NZ_CP017444.1
Esch_coli_8368	NZ_CP017445.1
Esch_coli_86-3153	NZ_CP027597.1
Esch_coli_86-3153	NZ_CP027598.1
Esch_coli_88-3001	NZ_CP027363.1
Esch_coli_88-3001	NZ_CP027364.1
Esch_coli_88-3493	NZ_CP027457.1
Esch_coli_88-3493	NZ_CP027458.1
Esch_coli_89-3156	NZ_CP027366.1
Esch_coli_89-3156	NZ_CP027367.1
Esch_coli_8A	NZ_CP026345.1
Esch_coli_8FA	NZ_CP026344.1
Esch_coli_9000	NZ_CP018252.1
Esch_coli_9000	NZ_CP018253.1
Esch_coli_90-3040	NZ_CP027459.1
Esch_coli_90-3040	NZ_CP027460.1
Esch_coli_90-9272	NZ_CP024239.1
Esch_coli_90-9272	NZ_CP024238.1
Esch_coli_90-9280	NZ_CP024240.1
Esch_coli_90-9280	NZ_CP024241.1
Esch_coli_90-9280	NZ_CP024242.1
Esch_coli_90-9281	NZ_CP024243.1
Esch_coli_90-9281	NZ_CP024244.1
Esch_coli_9234	NZ_CP017446.1
Esch_coli_9234	NZ_CP017447.1
Esch_coli_94-3024	NZ_CP009106.2
Esch_coli_94-3024	NZ_CP009107.1
Esch_coli_95-3192	NZ_CP027362.1
Esch_coli_95-3322	NZ_CP027461.1
Esch_coli_95JB1	NZ_CP021335.1
Esch_coli_95JB1	NZ_CP021336.1
Esch_coli_95JB1	NZ_CP021337.1
Esch_coli_95NR1	NZ_CP021339.1
Esch_coli_95NR1	NZ_CP021340.1
Esch_coli_95NR1	NZ_CP021341.1
Esch_coli_97-3250	NZ_CP027599.1
Esch_coli_97-3250	NZ_CP027600.1
Esch_coli_97-3250	NZ_CP027601.1
Esch_coli_99-3165	NZ_CP029981.1
Esch_coli_99-3165	NZ_CP029979.1
Esch_coli_99-3165	NZ_CP029980.1
Esch_coli_99-3165	NZ_CP029982.1
Esch_coli_9A	NZ_CP026343.1
Esch_coli_9FA	NZ_CP026342.1
Esch_coli_A1_136	NZ_CP040390.1
Esch_coli_A1_181	NZ_CP040067.1
Esch_coli_A1_181	NZ_CP040068.1
Esch_coli_A1_181	NZ_CP040069.1
Esch_coli_A1_181	NZ_CP040070.1
Esch_coli_A1_181	NZ_CP040071.1
Esch_coli_A1_181	NZ_CP040072.1
Esch_coli_A1_181	NZ_CP040073.1
Esch_coli_A1_181	NZ_CP040074.1
Esch_coli_A1_181	NZ_CP040075.1
Esch_coli_A1_181	NZ_CP040076.1
Esch_coli_ABU_83972	NC_017631.1
Esch_coli_ABU_83972	NC_017629.1
Esch_coli_ABWA45	NZ_CP022154.1
Esch_coli_ABWA45	NZ_CP022155.1
Esch_coli_ABWA45	NZ_CP022156.1
Esch_coli_ABWA45	NZ_CP022157.1
Esch_coli_ABWA45	NZ_CP022158.1
Esch_coli_ABWA45	NZ_CP022159.1
Esch_coli_ACN001	NZ_CP007442.1
Esch_coli_ACN002	NZ_CP007491.1
Esch_coli_AMA1167	NZ_CP024801.1
Esch_coli_AMA1167	NZ_CP024802.1
Esch_coli_AMA1167	NZ_CP024803.1
Esch_coli_AMA1167	NZ_CP024804.1
Esch_coli_AMA1167	NZ_CP024805.1
Esch_coli_AMA1167	NZ_CP024806.1
Esch_coli_AMSCJX02	NZ_CP031105.1
Esch_coli_AMSCJX02	NZ_CP031106.1
Esch_coli_AMSCJX02	NZ_CP031107.1
Esch_coli_AMSCJX02	NZ_CP031108.1
Esch_coli_AMSCJX02	NZ_CP031109.1
Esch_coli_AMSCJX02	NZ_CP031110.1
Esch_coli_AMSCJX02	NZ_CP031111.1
Esch_coli_AMSHJX01	NZ_CP030939.1
Esch_coli_AMSHJX01	NZ_CP030940.1
Esch_coli_APEC_IMT5155	NZ_CP005930.1
Esch_coli_APEC_IMT5155	NZ_CP005931.1
Esch_coli_APEC_IMT5155	NZ_CP005932.1
Esch_coli_APEC_O18	NZ_CP006830.1
Esch_coli_APEC_O1	NC_008563.1
Esch_coli_APEC_O1	NC_009837.1
Esch_coli_APEC_O1	NC_009838.1
Esch_coli_APEC_O2-211	NZ_CP006834.2
Esch_coli_APEC_O2-211	NZ_CP030791.1
Esch_coli_APEC_O2-211	NZ_CP030792.1
Esch_coli_APEC_O2-211	NZ_CP030793.1
Esch_coli_APEC_O78	NC_020163.1
Esch_coli_AR_0006	NZ_CP024851.1
Esch_coli_AR_0006	NZ_CP024852.1
Esch_coli_AR_0006	NZ_CP024853.1
Esch_coli_AR_0006	NZ_CP024854.1
Esch_coli_AR_0011	NZ_CP024855.1
Esch_coli_AR_0011	NZ_CP024856.1
Esch_coli_AR_0011	NZ_CP024857.1
Esch_coli_AR_0011	NZ_CP024858.1
Esch_coli_AR_0013	NZ_CP032204.1
Esch_coli_AR_0013	NZ_CP032205.1
Esch_coli_AR_0014	NZ_CP024859.1
Esch_coli_AR_0014	NZ_CP024860.1
Esch_coli_AR_0014	NZ_CP024861.1
Esch_coli_AR_0015	NZ_CP024862.1
Esch_coli_AR_0015	NZ_CP024863.1
Esch_coli_AR_0015	NZ_CP024864.1
Esch_coli_AR_0015	NZ_CP024865.1
Esch_coli_AR_0017	NZ_CP024886.1
Esch_coli_AR_0017	NZ_CP024887.1
Esch_coli_AR_0019	NZ_CP024889.1
Esch_coli_AR_0019	NZ_CP024888.1
Esch_coli_AR_0055	NZ_CP021935.1
Esch_coli_AR_0055	NZ_CP021936.1
Esch_coli_AR_0055	NZ_CP021937.1
Esch_coli_AR_0055	NZ_CP021938.1
Esch_coli_AR_0058	NZ_CP021689.1
Esch_coli_AR_0058	NZ_CP021690.1
Esch_coli_AR_0061	NZ_CP020058.1
Esch_coli_AR_0061	NZ_CP020059.1
Esch_coli_AR_0061	NZ_CP020060.1
Esch_coli_AR_0067	NZ_CP032261.1
Esch_coli_AR_0067	NZ_CP032258.1
Esch_coli_AR_0067	NZ_CP032259.1
Esch_coli_AR_0067	NZ_CP032260.1
Esch_coli_AR_0067	NZ_CP032262.1
Esch_coli_AR_0069	NZ_CP020055.1
Esch_coli_AR_0069	NZ_CP020056.1
Esch_coli_AR_0069	NZ_CP020057.1
Esch_coli_AR_0077	NZ_CP026755.1
Esch_coli_AR_0077	NZ_CP026754.1
Esch_coli_AR_0081	NZ_CP027534.1
Esch_coli_AR_0081	NZ_CP027535.1
Esch_coli_AR_0081	NZ_CP027537.1
Esch_coli_AR_0081	NZ_CP027536.1
Esch_coli_AR_0085	NZ_CP029741.1
Esch_coli_AR_0085	NZ_CP029742.1
Esch_coli_AR_0085	NZ_CP029743.1
Esch_coli_AR_0085	NZ_CP029744.1
Esch_coli_AR_0086	NZ_CP032201.1
Esch_coli_AR_0086	NZ_CP032202.1
Esch_coli_AR_0086	NZ_CP032203.1
Esch_coli_AR_0089	NZ_CP032265.1
Esch_coli_AR_0089	NZ_CP032263.1
Esch_coli_AR_0089	NZ_CP032264.1
Esch_coli_AR_0104	NZ_CP020116.1
Esch_coli_AR_0104	NZ_CP020117.1
Esch_coli_AR_0104	NZ_CP020118.1
Esch_coli_AR_0104	NZ_CP020119.1
Esch_coli_AR_0114	NZ_CP021732.1
Esch_coli_AR_0114	NZ_CP021733.1
Esch_coli_AR_0114	NZ_CP021734.1
Esch_coli_AR_0114	NZ_CP021735.1
Esch_coli_AR_0118	NZ_CP020048.1
Esch_coli_AR_0118	NZ_CP020049.1
Esch_coli_AR_0118	NZ_CP020050.1
Esch_coli_AR_0118	NZ_CP020051.1
Esch_coli_AR_0128	NZ_CP021722.1
Esch_coli_AR_0128	NZ_CP021719.1
Esch_coli_AR_0128	NZ_CP021720.1
Esch_coli_AR_0128	NZ_CP021721.1
Esch_coli_AR_0137	NZ_CP021879.1
Esch_coli_AR_0137	NZ_CP021880.1
Esch_coli_AR_0137	NZ_CP021881.1
Esch_coli_AR_0137	NZ_CP021882.1
Esch_coli_AR_0149	NZ_CP021535.1
Esch_coli_AR_0149	NZ_CP021536.1
Esch_coli_AR_0149	NZ_CP021537.1
Esch_coli_AR_0149	NZ_CP021538.1
Esch_coli_AR_0149_GCF_002180055.1	NZ_CP021532.1
Esch_coli_AR_0149_GCF_002180055.1	NZ_CP021533.1
Esch_coli_AR_0149_GCF_002180055.1	NZ_CP021534.1
Esch_coli_AR_0150	NZ_CP021736.1
Esch_coli_AR_0150	NZ_CP021737.1
Esch_coli_AR_0150	NZ_CP021738.1
Esch_coli_AR_0150	NZ_CP021739.1
Esch_coli_AR_0151	NZ_CP021691.1
Esch_coli_AR_0151	NZ_CP021692.1
Esch_coli_AR_0151	NZ_CP021693.1
Esch_coli_AR_0162	NZ_CP021683.1
Esch_coli_AR_0162	NZ_CP021680.1
Esch_coli_AR_0162	NZ_CP021681.1
Esch_coli_AR_0162	NZ_CP021682.1
Esch_coli_AR_0162	NZ_CP021684.1
Esch_coli_AR_0369	NZ_CP027140.1
Esch_coli_AR_0369	NZ_CP027137.1
Esch_coli_AR_0369	NZ_CP027138.1
Esch_coli_AR_0369	NZ_CP027135.1
Esch_coli_AR_0369	NZ_CP027136.1
Esch_coli_AR_0369	NZ_CP027139.1
Esch_coli_AR_0372	NZ_CP027134.1
Esch_coli_AR_0372	NZ_CP027130.1
Esch_coli_AR_0372	NZ_CP027132.1
Esch_coli_AR_0372	NZ_CP027131.1
Esch_coli_AR_0372	NZ_CP027133.1
Esch_coli_AR_0372	NZ_CP027129.1
Esch_coli_AR_0374	NZ_CP027126.1
Esch_coli_AR_0374	NZ_CP027128.1
Esch_coli_AR_0374	NZ_CP027127.1
Esch_coli_AR_0374	NZ_CP027125.1
Esch_coli_AR434	NZ_CP029122.1
Esch_coli_AR434	NZ_CP029123.1
Esch_coli_AR435	NZ_CP029115.1
Esch_coli_AR435	NZ_CP029113.1
Esch_coli_AR435	NZ_CP029114.1
Esch_coli_AR435	NZ_CP029116.1
Esch_coli_AR435	NZ_CP029117.1
Esch_coli_AR435	NZ_CP029118.1
Esch_coli_AR435	NZ_CP029119.1
Esch_coli_AR435	NZ_CP029120.1
Esch_coli_AR435	NZ_CP029121.1
Esch_coli_AR436	NZ_CP029111.1
Esch_coli_AR436	NZ_CP029109.1
Esch_coli_AR436	NZ_CP029110.1
Esch_coli_AR436	NZ_CP029112.1
Esch_coli_AR437	NZ_CP029108.1
Esch_coli_AR437	NZ_CP029103.1
Esch_coli_AR437	NZ_CP029104.1
Esch_coli_AR437	NZ_CP029105.1
Esch_coli_AR437	NZ_CP029106.1
Esch_coli_AR437	NZ_CP029107.1
Esch_coli_AR_451	NZ_CP030337.1
Esch_coli_AR_451	NZ_CP030335.1
Esch_coli_AR_451	NZ_CP030340.1
Esch_coli_AR_451	NZ_CP030339.1
Esch_coli_AR_451	NZ_CP030336.1
Esch_coli_AR_451	NZ_CP030338.1
Esch_coli_AR_451	NZ_CP030333.1
Esch_coli_AR_451	NZ_CP030334.1
Esch_coli_AR_452	NZ_CP030331.1
Esch_coli_AR_452	NZ_CP030329.1
Esch_coli_AR_452	NZ_CP030332.1
Esch_coli_AR_452	NZ_CP030330.1
Esch_coli_AS19-RrmA-	NZ_CP027430.1
Esch_coli_ATCC_11775	NZ_CP033092.2
Esch_coli_ATCC_11775	NZ_CP033091.2
Esch_coli_ATCC_25922	NZ_CP009072.1
Esch_coli_ATCC_25922	NZ_CP009073.1
Esch_coli_ATCC_25922	NZ_CP009074.1
Esch_coli_ATCC_43886	NZ_CP024256.1
Esch_coli_ATCC_43886	NZ_CP024254.1
Esch_coli_ATCC_43886	NZ_CP024255.1
Esch_coli_ATCC_43896	NZ_CP024278.1
Esch_coli_ATCC_43896	NZ_CP024279.1
Esch_coli_ATCC_43896	NZ_CP024280.1
Esch_coli_ATCC_43896	NZ_CP024281.1
Esch_coli_ATCC_8739	NZ_CP022959.1
Esch_coli_ATCC_8739_GCF_000019385.1	NC_010468.1
Esch_coli_B36	NZ_LR130545.1
Esch_coli_B36	NZ_LR130546.1
Esch_coli_B36	NZ_LR130547.1
Esch_coli_B4103-1	NZ_CP024245.1
Esch_coli_B4103-1	NZ_CP024246.1
Esch_coli_B4103-1	NZ_CP024247.1
Esch_coli_B4103-1	NZ_CP024248.1
Esch_coli_B7A	NZ_CP005998.1
Esch_coli_B7A	NZ_CP005999.1
Esch_coli_B7A	NZ_CP006000.1
Esch_coli_B7A	NZ_CP006001.1
Esch_coli_B7A	NZ_CP006002.1
Esch_coli_BA22372	NZ_CP040397.1
Esch_coli_BA22372	NZ_CP040398.1
Esch_coli_BA22372	NZ_CP040399.1
Esch_coli_BE104	NZ_CP040643.1
Esch_coli_BE2-5	NZ_CP032986.1
Esch_coli_BE2-5	NZ_CP032988.1
Esch_coli_BE2-5	NZ_CP032987.1
Esch_coli_BH100L_substr_MG2017	NZ_CP025716.1
Esch_coli_BH100N_substr_MG2017	NZ_CP025703.1
Esch_coli_BH100_substr_MG2014	NZ_CP024650.2
Esch_coli_BH100_substr_MG2014	NZ_CP024651.1
Esch_coli_BH100_substr_MG2014	NZ_CP024652.2
Esch_coli_BH100_substr_MG2017	NZ_CP025251.1
Esch_coli_BH100_substr_MG2017	NZ_CP025252.1
Esch_coli_BH100_substr_MG2017	NZ_CP025253.1
Esch_coli_BH212	NZ_CP029239.1
Esch_coli_BL21_DE3	NC_012892.2
Esch_coli_BL21_DE3_GCF_000022665.1	NC_012971.2
Esch_coli_BL21-Gold_DE3_pLysS_AG	NC_012947.1
Esch_coli_BL21_TaKaRa	NZ_CP010816.1
Esch_coli_BLK16	NZ_CP014642.1
Esch_coli_BLK9	NZ_CP014641.1
Esch_coli_BLR_DE3	NZ_CP020368.1
Esch_coli_BW25113	NZ_CP037857.1
Esch_coli_C1-057	NZ_CP035366.1
Esch_coli_C1-057	NZ_CP035367.1
Esch_coli_C10	NZ_CP010132.1
Esch_coli_C11	NZ_CP010133.1
Esch_coli_C1	NZ_CP010116.1
Esch_coli_C227-11	NZ_CP011331.1
Esch_coli_C227-11	NZ_CP011332.1
Esch_coli_C227-11	NZ_CP011333.1
Esch_coli_C227-11	NZ_CP011334.1
Esch_coli_C227-11	NZ_CP011335.1
Esch_coli_C227-11	NZ_CP011336.1
Esch_coli_C227-11	NZ_CP011337.1
Esch_coli_C227-11	NZ_CP011338.1
Esch_coli_C2566	NZ_CP014268.2
Esch_coli_C2	NZ_CP010117.1
Esch_coli_C2	NZ_CP010118.1
Esch_coli_C3026	NZ_CP014272.1
Esch_coli_C3026	NZ_CP014273.1
Esch_coli_C3029	NZ_CP014269.1
Esch_coli_C3	NZ_CP010119.1
Esch_coli_C3	NZ_CP010120.1
Esch_coli_C41_DE3	NZ_CP010585.1
Esch_coli_C43_DE3	NZ_CP011938.1
Esch_coli_C4	NZ_CP010121.1
Esch_coli_C5	NZ_CP010122.1
Esch_coli_C5	NZ_CP010123.1
Esch_coli_C5	NZ_CP010124.1
Esch_coli_C600	NZ_CP031214.1
Esch_coli_C7	NZ_CP010240.1
Esch_coli_C7	NZ_CP010241.1
Esch_coli_C8	NZ_CP010125.1
Esch_coli_C8	NZ_CP010126.1
Esch_coli_C8	NZ_CP010127.1
Esch_coli_C8	NZ_CP010128.1
Esch_coli_C9	NZ_CP010129.1
Esch_coli_C9	NZ_CP010130.1
Esch_coli_C9	NZ_CP010131.1
Esch_coli_CAR	NZ_CP026026.1
Esch_coli_CB9615	NC_013941.1
Esch_coli_CB9615	NC_013942.1
Esch_coli_CD306	NZ_CP013831.1
Esch_coli_CD306	NZ_CP013832.1
Esch_coli_CDC_03-98	NZ_CP022689.1
Esch_coli_CDC_03-98	NZ_CP022688.1
Esch_coli_CE10	NC_017646.1
Esch_coli_CE10	NC_017647.1
Esch_coli_CE10	NC_017648.1
Esch_coli_CE10	NC_017649.1
Esch_coli_CE10	NC_017650.1
Esch_coli_C	NZ_CP029371.1
Esch_coli_CFSAN002236	NZ_CP023541.1
Esch_coli_CFSAN002236	NZ_CP023542.1
Esch_coli_CFSAN004176	NZ_CP014583.1
Esch_coli_CFSAN004176	NZ_CP012493.1
Esch_coli_CFSAN004176	NZ_CP012492.1
Esch_coli_CFSAN004176	NZ_CP012491.1
Esch_coli_CFSAN018748	NZ_CP028192.1
Esch_coli_CFSAN018748	NZ_CP028195.1
Esch_coli_CFSAN018748	NZ_CP028193.1
Esch_coli_CFSAN018748	NZ_CP028194.1
Esch_coli_CFSAN027343	NZ_CP037943.1
Esch_coli_CFSAN027343	NZ_CP037944.1
Esch_coli_CFSAN027346	NZ_CP037945.1
Esch_coli_CFSAN027346	NZ_CP037946.1
Esch_coli_CFSAN027346	NZ_CP037947.1
Esch_coli_CFSAN027350	NZ_CP037941.1
Esch_coli_CFSAN027350	NZ_CP037942.1
Esch_coli_CFSAN029787	NZ_CP011416.1
Esch_coli_CFSAN029787	NZ_CP011417.1
Esch_coli_CFSAN029787	NZ_CP011418.1
Esch_coli_CFSAN051542	NZ_CP020835.1
Esch_coli_CFSAN051542	NZ_CP020836.1
Esch_coli_CFSAN061770	NZ_CP023142.1
Esch_coli_CFSAN061770	NZ_CP023143.1
Esch_coli_CFSAN061770	NZ_CP023144.1
Esch_coli_CFSAN061770	NZ_CP023145.1
Esch_coli_CFSAN064035	NZ_CP031134.1
Esch_coli_CFSAN064035	NZ_CP031139.1
Esch_coli_CFSAN064035	NZ_CP031135.1
Esch_coli_CFSAN064035	NZ_CP031136.1
Esch_coli_CFSAN064035	NZ_CP031137.1
Esch_coli_CFSAN064035	NZ_CP031138.1
Esch_coli_CFSAN064036	NZ_CP028166.1
Esch_coli_CFSAN064036	NZ_CP028168.1
Esch_coli_CFSAN064036	NZ_CP028167.1
Esch_coli_CFSAN067215	NZ_CP028320.1
Esch_coli_CFSAN067215	NZ_CP028321.1
Esch_coli_CFSAN067215	NZ_CP028322.1
Esch_coli_CFSAN067215	NZ_CP028323.1
Esch_coli_CFT073	NC_004431.1
Esch_coli_C_GCF_002079225.1	NZ_CP020543.1
Esch_coli_CI5	NZ_CP011018.1
Esch_coli_CI5	NZ_CP011019.1
Esch_coli_CIT	NZ_CP026028.1
Esch_coli_CJ236	NZ_CP029238.1
Esch_coli_clone_D_i14	NC_017652.1
Esch_coli_clone_D_i2	NC_017651.1
Esch_coli_CLSC36	NZ_CP041300.1
Esch_coli_CLSC36	NZ_CP041299.1
Esch_coli_CP53	NZ_CP033096.1
Esch_coli_CP53	NZ_CP033097.1
Esch_coli_CP53	NZ_CP033093.1
Esch_coli_CP53	NZ_CP033095.1
Esch_coli_CP53	NZ_CP033094.1
Esch_coli_cq9	NZ_CP031546.1
Esch_coli_cq9	NZ_CP031547.1
Esch_coli_cq9	NZ_CP031548.1
Esch_coli_cq9	NZ_CP031549.1
Esch_coli_cq9	NZ_CP031550.1
Esch_coli_CQSW20	NZ_CP013253.1
Esch_coli_CRE10	NZ_CP034404.1
Esch_coli_CRE10	NZ_CP034401.1
Esch_coli_CRE10	NZ_CP034402.1
Esch_coli_CRE10	NZ_CP034405.1
Esch_coli_CRE10	NZ_CP034403.1
Esch_coli_CRE1493	NZ_CP019071.1
Esch_coli_CRE1493	NZ_CP019072.1
Esch_coli_CRE1493	NZ_CP019073.1
Esch_coli_CRE1493	NZ_CP019074.1
Esch_coli_CRE1493	NZ_CP019075.1
Esch_coli_CRE1493	NZ_CP019076.1
Esch_coli_CRE1540	NZ_CP019051.1
Esch_coli_CRE1540	NZ_CP019052.1
Esch_coli_CRE1540	NZ_CP019053.1
Esch_coli_CRE1540	NZ_CP019054.1
Esch_coli_CRE1540	NZ_CP019055.1
Esch_coli_CRE1	NZ_CP034399.1
Esch_coli_CRE1	NZ_CP034396.1
Esch_coli_CRE1	NZ_CP034397.1
Esch_coli_CRE1	NZ_CP034400.1
Esch_coli_CRE1	NZ_CP034398.1
Esch_coli_CREC-532	NZ_CP024830.1
Esch_coli_CREC-532	NZ_CP024831.1
Esch_coli_CREC-532	NZ_CP024832.1
Esch_coli_CREC-532	NZ_CP024833.1
Esch_coli_CREC-544	NZ_CP024826.1
Esch_coli_CREC-544	NZ_CP024827.1
Esch_coli_CREC-544	NZ_CP024828.1
Esch_coli_CREC-544	NZ_CP024829.1
Esch_coli_CREC-591	NZ_CP024821.1
Esch_coli_CREC-591	NZ_CP024822.1
Esch_coli_CREC-591	NZ_CP024823.1
Esch_coli_CREC-591	NZ_CP024824.1
Esch_coli_CREC-591	NZ_CP024825.1
Esch_coli_CREC-629	NZ_CP024815.1
Esch_coli_CREC-629	NZ_CP024816.1
Esch_coli_CREC-629	NZ_CP024817.1
Esch_coli_CREC-629	NZ_CP024818.1
Esch_coli_CV839-06	NZ_CP025753.1
Esch_coli_CV839-06	NZ_CP025751.1
Esch_coli_CV839-06	NZ_CP025752.1
Esch_coli_CV839-15	NZ_CP024978.1
Esch_coli_CV839-15	NZ_CP024975.1
Esch_coli_CV839-15	NZ_CP024976.1
Esch_coli_CV839-15	NZ_CP024977.1
Esch_coli_D10	NZ_CP010157.1
Esch_coli_D10	NZ_CP010158.1
Esch_coli_D10	NZ_CP010159.1
Esch_coli_D181	NZ_CP024252.1
Esch_coli_D181	NZ_CP024249.1
Esch_coli_D181	NZ_CP024250.1
Esch_coli_D181	NZ_CP024251.1
Esch_coli_D181	NZ_CP024253.1
Esch_coli_D1	NZ_CP010134.1
Esch_coli_D1	NZ_CP010135.1
Esch_coli_D1	NZ_CP010136.1
Esch_coli_D2	NZ_CP010137.1
Esch_coli_D2	NZ_CP010138.1
Esch_coli_D2	NZ_CP010139.1
Esch_coli_D3	NZ_CP010140.1
Esch_coli_D3	NZ_CP010141.1
Esch_coli_D3	NZ_CP010142.1
Esch_coli_D4	NZ_CP010143.1
Esch_coli_D4	NZ_CP010144.1
Esch_coli_D5	NZ_CP010145.1
Esch_coli_D5	NZ_CP010146.1
Esch_coli_D5	NZ_CP010147.1
Esch_coli_D6	NZ_CP010148.1
Esch_coli_D6	NZ_CP010149.1
Esch_coli_D72	NZ_CP035312.1
Esch_coli_D72	NZ_CP035314.1
Esch_coli_D72	NZ_CP035316.1
Esch_coli_D72	NZ_CP035315.1
Esch_coli_D72	NZ_CP035313.1
Esch_coli_D7	NZ_CP010150.1
Esch_coli_D8	NZ_CP010151.1
Esch_coli_D9	NZ_CP010152.1
Esch_coli_D9	NZ_CP010153.1
Esch_coli_D9	NZ_CP010154.1
Esch_coli_D9	NZ_CP010155.1
Esch_coli_D9	NZ_CP010156.1
Esch_coli_DA33133	NZ_CP029574.1
Esch_coli_DA33133	NZ_CP029575.1
Esch_coli_DA33135	NZ_CP029576.1
Esch_coli_DA33135	NZ_CP029577.1
Esch_coli_DA33135	NZ_CP029578.1
Esch_coli_DA33137	NZ_CP029579.1
Esch_coli_DA33137	NZ_CP029580.1
Esch_coli_DA33137	NZ_CP029581.1
Esch_coli_DH1Ec095	NZ_CP012125.1
Esch_coli_DH1Ec104	NZ_CP012126.1
Esch_coli_DH1Ec169	NZ_CP012127.1
Esch_coli_DH1	NC_017638.1
Esch_coli_DH1_GCF_000023365.1	NC_017625.1
Esch_coli_DH5alpha	NZ_CP025520.1
Esch_coli_DH5alpha_GCF_002899475.1	NZ_CP026085.1
Esch_coli_DHB4	NZ_CP014270.1
Esch_coli_DHB4	NZ_CP014271.1
Esch_coli_DSM_103246	NZ_CP019944.1
Esch_coli_DTU-1	NZ_CP026612.1
Esch_coli_E-1246	NZ_CP025573.1
Esch_coli_E-1246	NZ_CP025574.1
Esch_coli_E-1246	NZ_CP025575.1
Esch_coli_E2348_69	NC_011601.1
Esch_coli_E2348_69	NC_011602.1
Esch_coli_E2348_69	NC_011603.1
Esch_coli_E24377A	NC_009801.1
Esch_coli_E24377A	NC_009787.1
Esch_coli_E24377A	NC_009791.1
Esch_coli_E24377A	NC_009789.1
Esch_coli_E24377A	NC_009788.1
Esch_coli_E24377A	NC_009790.1
Esch_coli_E24377A	NC_009786.1
Esch_coli_E2855	NZ_AP018796.1
Esch_coli_E2855	NZ_AP018797.1
Esch_coli_E2855	NZ_AP018798.1
Esch_coli_E2855	NZ_AP018799.1
Esch_coli_E2855	NZ_AP018800.1
Esch_coli_E2855	NZ_AP018801.1
Esch_coli_E2863	NZ_AP018802.1
Esch_coli_E2863	NZ_AP018803.1
Esch_coli_E2863	NZ_AP018804.1
Esch_coli_E2863	NZ_AP018805.1
Esch_coli_E2863	NZ_AP018806.1
Esch_coli_E2863	NZ_AP018807.1
Esch_coli_E2865	NZ_AP018808.1
Esch_coli_E2865	NZ_AP018809.1
Esch_coli_E2865	NZ_AP018810.1
Esch_coli_E2865	NZ_AP018811.1
Esch_coli_E2865	NZ_AP018812.1
Esch_coli_E308	NZ_CP030281.1
Esch_coli_E308	NZ_CP030282.1
Esch_coli_E308	NZ_CP030283.1
Esch_coli_E308	NZ_CP030284.1
Esch_coli_E308	NZ_CP030285.1
Esch_coli_E41-1	NZ_CP028483.1
Esch_coli_E41-1	NZ_CP028484.1
Esch_coli_E41-1	NZ_CP028485.1
Esch_coli_E41-1	NZ_CP028486.1
Esch_coli_E62	NZ_CP022393.1
Esch_coli_E706	NZ_CP029687.1
Esch_coli_E706	NZ_CP029688.1
Esch_coli_EC11	NZ_CP027255.1
Esch_coli_EC11	NZ_CP027256.1
Esch_coli_EC11	NZ_CP027257.1
Esch_coli_EC11	NZ_CP027258.1
Esch_coli_EC11	NZ_CP027259.1
Esch_coli_EC-12536	NZ_LR025099.1
Esch_coli_EC-12536	NZ_LR025100.1
Esch_coli_EC-129	NZ_CP038453.1
Esch_coli_EC-129	NZ_CP038454.1
Esch_coli_EC-129	NZ_CP038455.1
Esch_coli_EC-129	NZ_CP038456.1
Esch_coli_EC-129	NZ_CP038457.1
Esch_coli_EC-129	NZ_CP038458.1
Esch_coli_EC-129	NZ_CP038459.1
Esch_coli_EC1515	NZ_CP021844.1
Esch_coli_EC1515	NZ_CP021845.1
Esch_coli_EC1515	NZ_CP021846.1
Esch_coli_EC1515	NZ_CP021847.1
Esch_coli_EC-1639	NZ_LR025101.1
Esch_coli_EC-1639	NZ_LR025102.1
Esch_coli_EC-1639	NZ_LR025103.1
Esch_coli_EC-1639	NZ_LR025104.1
Esch_coli_EC-1639	NZ_LR025105.1
Esch_coli_EC17GD31	NZ_CP031293.1
Esch_coli_EC17GD31	NZ_CP031295.1
Esch_coli_EC17GD31	NZ_CP031294.1
Esch_coli_EC17GD31	NZ_CP031296.1
Esch_coli_EC17GD31	NZ_CP031297.1
Esch_coli_EC25	NZ_CP035123.1
Esch_coli_EC25	NZ_CP035124.1
Esch_coli_EC25	NZ_CP035126.1
Esch_coli_EC25	NZ_CP035127.1
Esch_coli_EC25	NZ_CP035128.1
Esch_coli_EC25	NZ_CP035125.1
Esch_coli_EC4115	NC_011353.1
Esch_coli_EC4115	NC_011351.1
Esch_coli_EC4115	NC_011350.1
Esch_coli_EC590	NZ_CP016182.2
Esch_coli_EC-7215	NZ_LR025096.1
Esch_coli_EC-7215	NZ_LR025097.1
Esch_coli_EC-7215	NZ_LR025098.1
Esch_coli_EC958	NZ_HG941718.1
Esch_coli_EC958	NZ_HG941719.1
Esch_coli_EC958	NZ_HG941720.1
Esch_coli_EC974	NZ_CP021840.1
Esch_coli_EC974	NZ_CP021841.1
Esch_coli_EC974	NZ_CP021842.1
Esch_coli_EC974	NZ_CP021843.1
Esch_coli_ECC-1470	NZ_CP010344.1
Esch_coli_ECC-1470	NZ_CP010345.1
Esch_coli_ECCHD184	NZ_CP033250.1
Esch_coli_ECCHD184	NZ_CP033251.1
Esch_coli_ECCHD184	NZ_CP033252.1
Esch_coli_ECCNB12-2	NZ_CP033635.1
Esch_coli_ECCNB12-2	NZ_CP033632.1
Esch_coli_ECCNB12-2	NZ_CP033633.1
Esch_coli_ECCNB12-2	NZ_CP033634.1
Esch_coli_ECCNB12-2	NZ_CP033636.1
Esch_coli_ECCNB20-2	NZ_CP034787.1
Esch_coli_ECCNB20-2	NZ_CP034789.1
Esch_coli_ECCNB20-2	NZ_CP034790.1
Esch_coli_ECCNB20-2	NZ_CP034788.1
Esch_coli_ECCRA-119	NZ_CP029242.1
Esch_coli_ECCRA-119	NZ_CP029243.1
Esch_coli_ECCRA-119	NZ_CP029244.1
Esch_coli_ECCRA-119	NZ_CP029245.1
Esch_coli_ECCWS199	NZ_CP032237.1
Esch_coli_ECCWS199	NZ_CP032238.1
Esch_coli_ECCWS199	NZ_CP032239.1
Esch_coli_EcMAD1	NZ_LR595691.1
Esch_coli_EcMAD1	NZ_LR595692.1
Esch_coli_EcMAD1	NZ_LR595693.1
Esch_coli_EcMAD1	NZ_LR595694.1
Esch_coli_Eco889	NZ_CP015159.1
Esch_coli_Eco889	NZ_CP015161.1
Esch_coli_Eco889	NZ_CP015160.1
Esch_coli_Ecol_224	NZ_CP018948.1
Esch_coli_Ecol_224	NZ_CP018947.1
Esch_coli_Ecol_224	NZ_CP018946.1
Esch_coli_Ecol_224	NZ_CP018944.1
Esch_coli_Ecol_224	NZ_CP018943.1
Esch_coli_Ecol_224	NZ_CP018942.1
Esch_coli_Ecol_224	NZ_CP018941.1
Esch_coli_Ecol_224	NZ_CP018940.1
Esch_coli_Ecol_224	NZ_CP018945.1
Esch_coli_Ecol_244	NZ_CP019020.1
Esch_coli_Ecol_244	NZ_CP019019.1
Esch_coli_Ecol_244	NZ_CP019018.1
Esch_coli_Ecol_244	NZ_CP019016.1
Esch_coli_Ecol_244	NZ_CP019017.1
Esch_coli_Ecol_276	NZ_CP018953.1
Esch_coli_Ecol_276	NZ_CP018952.1
Esch_coli_Ecol_276	NZ_CP018951.1
Esch_coli_Ecol_276	NZ_CP018950.1
Esch_coli_Ecol_276	NZ_CP018949.1
Esch_coli_Ecol_316	NZ_CP018957.1
Esch_coli_Ecol_316	NZ_CP018955.1
Esch_coli_Ecol_316	NZ_CP018954.1
Esch_coli_Ecol_316	NZ_CP018956.1
Esch_coli_Ecol_422	NZ_CP018962.1
Esch_coli_Ecol_422	NZ_CP018961.1
Esch_coli_Ecol_422	NZ_CP018960.1
Esch_coli_Ecol_422	NZ_CP018958.1
Esch_coli_Ecol_422	NZ_CP018959.1
Esch_coli_Ecol_448	NZ_CP015076.1
Esch_coli_Ecol_448	NZ_CP015077.1
Esch_coli_Ecol_448	NZ_CP015078.1
Esch_coli_Ecol_517	NZ_CP018965.1
Esch_coli_Ecol_517	NZ_CP018964.1
Esch_coli_Ecol_517	NZ_CP018963.1
Esch_coli_Ecol_542	NZ_CP018970.1
Esch_coli_Ecol_542	NZ_CP018969.1
Esch_coli_Ecol_542	NZ_CP018967.1
Esch_coli_Ecol_542	NZ_CP018966.1
Esch_coli_Ecol_542	NZ_CP018968.1
Esch_coli_Ecol_545	NZ_CP018976.1
Esch_coli_Ecol_545	NZ_CP018975.1
Esch_coli_Ecol_545	NZ_CP018973.1
Esch_coli_Ecol_545	NZ_CP018972.1
Esch_coli_Ecol_545	NZ_CP018971.1
Esch_coli_Ecol_545	NZ_CP018974.1
Esch_coli_Ecol_656	NZ_CP018979.1
Esch_coli_Ecol_656	NZ_CP018978.1
Esch_coli_Ecol_656	NZ_CP018977.1
Esch_coli_Ecol_732	NZ_CP015138.1
Esch_coli_Ecol_732	NZ_CP015140.1
Esch_coli_Ecol_732	NZ_CP015141.1
Esch_coli_Ecol_732	NZ_CP015142.1
Esch_coli_Ecol_732	NZ_CP015143.1
Esch_coli_Ecol_732	NZ_CP015144.1
Esch_coli_Ecol_732	NZ_CP015139.1
Esch_coli_Ecol_743	NZ_CP015069.1
Esch_coli_Ecol_743	NZ_CP015070.1
Esch_coli_Ecol_743	NZ_CP015072.1
Esch_coli_Ecol_743	NZ_CP015073.1
Esch_coli_Ecol_743	NZ_CP015071.1
Esch_coli_Ecol_745	NZ_CP015074.2
Esch_coli_Ecol_745	NZ_CP015075.2
Esch_coli_Ecol_867	NZ_CP018983.1
Esch_coli_Ecol_867	NZ_CP018982.1
Esch_coli_Ecol_867	NZ_CP018980.1
Esch_coli_Ecol_867	NZ_CP018981.1
Esch_coli_Ecol_881	NZ_CP019029.1
Esch_coli_Ecol_881	NZ_CP019028.1
Esch_coli_Ecol_881	NZ_CP019027.1
Esch_coli_Ecol_881	NZ_CP019025.1
Esch_coli_Ecol_881	NZ_CP019024.1
Esch_coli_Ecol_881	NZ_CP019023.1
Esch_coli_Ecol_881	NZ_CP019022.1
Esch_coli_Ecol_881	NZ_CP019021.1
Esch_coli_Ecol_881	NZ_CP019026.1
Esch_coli_Ecol_AZ146	NZ_CP018991.1
Esch_coli_Ecol_AZ146	NZ_CP018990.1
Esch_coli_Ecol_AZ146	NZ_CP018988.1
Esch_coli_Ecol_AZ146	NZ_CP018987.1
Esch_coli_Ecol_AZ146	NZ_CP018986.1
Esch_coli_Ecol_AZ146	NZ_CP018985.1
Esch_coli_Ecol_AZ146	NZ_CP018984.1
Esch_coli_Ecol_AZ146	NZ_CP018989.1
Esch_coli_Ecol_AZ147	NZ_CP018995.1
Esch_coli_Ecol_AZ147	NZ_CP018994.1
Esch_coli_Ecol_AZ147	NZ_CP018993.1
Esch_coli_Ecol_AZ147	NZ_CP018992.1
Esch_coli_Ecol_AZ153	NZ_CP019000.1
Esch_coli_Ecol_AZ153	NZ_CP018998.1
Esch_coli_Ecol_AZ153	NZ_CP018997.1
Esch_coli_Ecol_AZ153	NZ_CP018996.1
Esch_coli_Ecol_AZ153	NZ_CP018999.1
Esch_coli_Ecol_AZ155	NZ_CP019005.1
Esch_coli_Ecol_AZ155	NZ_CP019002.1
Esch_coli_Ecol_AZ155	NZ_CP019003.1
Esch_coli_Ecol_AZ155	NZ_CP019004.1
Esch_coli_Ecol_AZ155	NZ_CP019001.1
Esch_coli_Ecol_AZ159	NZ_CP019008.1
Esch_coli_Ecol_AZ159	NZ_CP019007.1
Esch_coli_Ecol_AZ159	NZ_CP019006.1
Esch_coli_Ecol_AZ161	NZ_CP019012.1
Esch_coli_Ecol_AZ161	NZ_CP019011.1
Esch_coli_Ecol_AZ161	NZ_CP019009.1
Esch_coli_Ecol_AZ161	NZ_CP019010.1
Esch_coli_Ecol_AZ162	NZ_CP019015.1
Esch_coli_Ecol_AZ162	NZ_CP019013.1
Esch_coli_Ecol_AZ162	NZ_CP019014.1
Esch_coli_ecoli019	NZ_LR130532.1
Esch_coli_ECONIH1	NZ_CP009859.1
Esch_coli_ECONIH1	NZ_CP009860.1
Esch_coli_ECONIH1	NZ_CP009861.1
Esch_coli_ECONIH1	NZ_CP009862.1
Esch_coli_ECONIH2	NZ_CP014667.1
Esch_coli_ECONIH2	NZ_CP014668.1
Esch_coli_ECONIH2	NZ_CP014669.1
Esch_coli_ECONIH4	NZ_CP026399.1
Esch_coli_ECONIH4	NZ_CP026400.1
Esch_coli_ECONIH4	NZ_CP026404.1
Esch_coli_ECONIH4	NZ_CP026403.1
Esch_coli_ECONIH4	NZ_CP026405.1
Esch_coli_ECONIH4	NZ_CP026402.1
Esch_coli_ECONIH4	NZ_CP026401.1
Esch_coli_ECONIH5	NZ_CP026202.1
Esch_coli_ECONIH5	NZ_CP026208.1
Esch_coli_ECONIH5	NZ_CP026203.1
Esch_coli_ECONIH5	NZ_CP026206.1
Esch_coli_ECONIH5	NZ_CP026207.1
Esch_coli_ECONIH5	NZ_CP026204.1
Esch_coli_ECONIH5	NZ_CP026205.1
Esch_coli_ECONIH5	NZ_CP026209.1
Esch_coli_ECONIH6	NZ_CP026199.1
Esch_coli_ECONIH6	NZ_CP026200.1
Esch_coli_ECONIH6	NZ_CP026201.1
Esch_coli_ECP17-1298	NZ_CP040570.1
Esch_coli_ECP17-1298	NZ_CP040571.1
Esch_coli_ECP17-46	NZ_CP040572.1
Esch_coli_ECP17-46	NZ_CP040573.1
Esch_coli_EC-TO143	NZ_LS999560.1
Esch_coli_EC-TO143	NZ_LS999561.1
Esch_coli_EC-TO143	NZ_LS999562.1
Esch_coli_EC-TO143	NZ_LS999563.1
Esch_coli_EC-TO143	NZ_LS999564.1
Esch_coli_EC-TO75	NZ_LS998785.1
Esch_coli_EC-TO75	NZ_LS998786.1
Esch_coli_EC-TO75	NZ_LS998787.1
Esch_coli_EC-TO75	NZ_LS998788.1
Esch_coli_ECZP248	NZ_CP034784.1
Esch_coli_ECZP248	NZ_CP034786.1
Esch_coli_ECZP248	NZ_CP034785.1
Esch_coli_EDL933	NZ_CP008957.1
Esch_coli_EDL933	NZ_CP008958.1
Esch_coli_EK2009	NZ_CP040663.1
Esch_coli_EPEC1	NZ_LT903847.1
Esch_coli_EPEC_E2348_69_variety_2	NZ_LT827011.1
Esch_coli_ER1709	NZ_CP030240.1
Esch_coli_ER1821R	NZ_CP016018.1
Esch_coli_ER2796	NZ_CP009644.1
Esch_coli_ER3413	NZ_CP009789.1
Esch_coli_ER3435	NZ_CP010445.1
Esch_coli_ER3440	NZ_CP010439.1
Esch_coli_ER3445	NZ_CP010441.1
Esch_coli_ER3446	NZ_CP010443.1
Esch_coli_ER3454	NZ_CP010438.1
Esch_coli_ER3466	NZ_CP010442.1
Esch_coli_ER3475	NZ_CP010444.1
Esch_coli_ER3476	NZ_CP010440.1
Esch_coli_Es_ST2350_SE1_NDM_03_2018	NZ_CP031321.1
Esch_coli_Es_ST2350_SE1_NDM_03_2018	NZ_CP031323.1
Esch_coli_Es_ST2350_SE1_NDM_03_2018	NZ_CP031322.1
Esch_coli_Es_ST410_NW1_NDM_09_2017	NZ_CP031231.1
Esch_coli_Es_ST410_NW1_NDM_09_2017	NZ_CP031232.1
Esch_coli_Es_ST410_NW1_NDM_09_2017	NZ_CP031233.1
Esch_coli_Es_ST410_NW1_NDM_09_2017	NZ_CP031234.1
Esch_coli_Es_ST410_NW1_NDM_09_2017	NZ_CP031235.1
Esch_coli_Es_ST80_L1_NDM_10_2017	NZ_CP031215.1
Esch_coli_Es_ST80_L1_NDM_10_2017	NZ_CP031216.1
Esch_coli_ETEC-2264	NZ_CP023349.1
Esch_coli_ETEC-2264	NZ_CP023350.1
Esch_coli_ETEC-2264	NZ_CP023351.1
Esch_coli_ETEC-2264	NZ_CP023352.1
Esch_coli_ETEC-2265	NZ_CP023346.1
Esch_coli_ETEC-2265	NZ_CP023347.1
Esch_coli_ETEC-2265	NZ_CP023348.1
Esch_coli_ETEC_H10407	NC_017633.1
Esch_coli_ETEC_H10407	NC_017721.1
Esch_coli_ETEC_H10407	NC_017723.1
Esch_coli_ETEC_H10407	NC_017722.1
Esch_coli_ETEC_H10407	NC_017724.1
Esch_coli_ExPEC_XM	NZ_CP025328.1
Esch_coli_ExPEC_XM	NZ_CP025329.1
Esch_coli_F5505-C1	NZ_CP024257.1
Esch_coli_F5505-C1	NZ_CP024258.1
Esch_coli_F5505-C1	NZ_CP024259.1
Esch_coli_F5656C1	NZ_CP024260.1
Esch_coli_F5656C1	NZ_CP024261.1
Esch_coli_F5656C1	NZ_CP024262.1
Esch_coli_F6326-C1	NZ_CP024263.1
Esch_coli_F6326-C1	NZ_CP024264.1
Esch_coli_F6326-C1	NZ_CP024265.1
Esch_coli_F6699	NZ_CP024266.1
Esch_coli_F6699	NZ_CP024267.1
Esch_coli_F6699	NZ_CP024268.1
Esch_coli_F8111-1SC3	NZ_CP024269.1
Esch_coli_F8111-1SC3	NZ_CP024270.1
Esch_coli_F8111-1SC3	NZ_CP024271.1
Esch_coli_F8111-1SC3	NZ_CP024272.1
Esch_coli_f9610206-5e81-11e8-bf7f-3c4a9275d6c8	NZ_LR536431.1
Esch_coli_f974b26a-5e81-11e8-bf7f-3c4a9275d6c8	NZ_LR536430.1
Esch_coli_F9792	NZ_CP024273.1
Esch_coli_F9792	NZ_CP024274.1
Esch_coli_FAM21845	NZ_CP017220.1
Esch_coli_FAM21845	NZ_CP017221.1
Esch_coli_FAM21845	NZ_CP017222.1
Esch_coli_FAM21845	NZ_CP017223.1
Esch_coli_FAM21845	NZ_CP017224.1
Esch_coli_FAM21845	NZ_CP017225.1
Esch_coli_FC853_EC	NZ_CP040919.1
Esch_coli_FC853_EC	NZ_CP040920.1
Esch_coli_FC853_EC	NZ_CP040921.1
Esch_coli_FC853_EC	NZ_CP040922.1
Esch_coli_FC853_EC	NZ_CP040923.1
Esch_coli_FDAARGOS_144	NZ_CP014111.1
Esch_coli_FDAARGOS_144	NZ_CP014110.1
Esch_coli_FDAARGOS_144	NZ_CP014112.1
Esch_coli_FDAARGOS_144	NZ_CP014109.1
Esch_coli_FDAARGOS_293	NZ_CP022050.2
Esch_coli_FDAARGOS_293	NZ_CP022051.2
Esch_coli_FDAARGOS_293	NZ_CP022052.2
Esch_coli_FDAARGOS_348	NZ_CP022086.2
Esch_coli_FDAARGOS_348	NZ_CP022085.2
Esch_coli_FDAARGOS_348	NZ_CP022087.2
Esch_coli_FDAARGOS_349	NZ_CP027394.1
Esch_coli_FDAARGOS_349	NZ_CP027395.1
Esch_coli_FDAARGOS_349	NZ_CP027392.1
Esch_coli_FDAARGOS_349	NZ_CP027396.1
Esch_coli_FDAARGOS_349	NZ_CP027393.1
Esch_coli_FDAARGOS_401	NZ_CP023531.1
Esch_coli_FDAARGOS_401	NZ_CP023530.1
Esch_coli_FDAARGOS_403	NZ_CP023535.1
Esch_coli_FDAARGOS_403	NZ_CP023534.1
Esch_coli_FDAARGOS_403	NZ_CP023533.1
Esch_coli_FDAARGOS_403	NZ_CP023532.1
Esch_coli_FDAARGOS_433	NZ_CP023899.1
Esch_coli_FDAARGOS_433	NZ_CP023903.1
Esch_coli_FDAARGOS_433	NZ_CP023901.1
Esch_coli_FDAARGOS_433	NZ_CP023895.1
Esch_coli_FDAARGOS_433	NZ_CP023896.1
Esch_coli_FDAARGOS_433	NZ_CP023897.1
Esch_coli_FDAARGOS_433	NZ_CP023905.1
Esch_coli_FDAARGOS_433	NZ_CP023900.1
Esch_coli_FDAARGOS_433	NZ_CP023898.1
Esch_coli_FDAARGOS_433	NZ_CP023904.1
Esch_coli_FDAARGOS_433	NZ_CP023902.1
Esch_coli_FDAARGOS_448	NZ_CP023960.1
Esch_coli_FDAARGOS_448	NZ_CP023959.1
Esch_coli_FDAARGOS_448	NZ_CP023961.1
Esch_coli_FDAARGOS_448	NZ_CP023957.1
Esch_coli_FDAARGOS_448	NZ_CP023958.1
Esch_coli_FDAARGOS_497	NZ_CP033850.1
Esch_coli_FDAARGOS_497	NZ_CP033847.1
Esch_coli_FDAARGOS_497	NZ_CP033848.1
Esch_coli_FDAARGOS_497	NZ_CP033849.1
Esch_coli_FDAARGOS_497	NZ_CP033851.1
Esch_coli_FDAARGOS_497	NZ_CP033852.1
Esch_coli_FDAARGOS_497	NZ_CP033853.1
Esch_coli_FDAARGOS_536	NZ_CP033762.1
Esch_coli_FDAARGOS_536	NZ_CP033761.1
Esch_coli_FDAARGOS_536	NZ_CP033763.1
Esch_coli_FDAARGOS_536	NZ_CP033764.1
Esch_coli_FDAARGOS_536	NZ_CP033765.1
Esch_coli_FDAARGOS_536	NZ_CP033766.1
Esch_coli_FDAARGOS_772	NZ_CP041002.1
Esch_coli_FDAARGOS_772	NZ_CP041001.1
Esch_coli_FDAARGOS_772	NZ_CP041003.1
Esch_coli_FDAARGOS_772	NZ_CP041004.1
Esch_coli_FHI_NMBU_03	NZ_CP019455.1
Esch_coli_FHI_NMBU_03	NZ_CP019456.1
Esch_coli_FMU073332	NZ_CP017844.1
Esch_coli_FMU073332	NZ_CP017848.1
Esch_coli_FMU073332	NZ_CP017845.1
Esch_coli_FMU073332	NZ_CP017846.1
Esch_coli_FMU073332	NZ_CP017847.1
Esch_coli_FORC_028	NZ_CP012693.1
Esch_coli_FORC_029	NZ_CP013185.1
Esch_coli_FORC_029	NZ_CP013186.1
Esch_coli_FORC_031	NZ_CP013190.1
Esch_coli_FORC_031	NZ_CP013191.1
Esch_coli_FORC_031	NZ_CP013192.1
Esch_coli_FORC_031	NZ_CP013193.1
Esch_coli_FORC_031	NZ_CP013194.1
Esch_coli_FORC_041	NZ_CP016628.1
Esch_coli_FORC_042	NZ_CP025318.1
Esch_coli_FORC_043	NZ_CP016828.1
Esch_coli_FORC_043	NZ_CP023552.1
Esch_coli_FORC_044	NZ_CP016755.1
Esch_coli_FORC_044	NZ_CP018625.1
Esch_coli_FORC_044	NZ_CP018626.1
Esch_coli_FORC_064	NZ_CP022664.1
Esch_coli_FORC_064	NZ_CP023732.1
Esch_coli_FORC_064	NZ_CP023733.1
Esch_coli_FORC_064	NZ_CP023734.1
Esch_coli_FORC_069	NZ_CP023061.1
Esch_coli_FORC_069	NZ_CP023062.1
Esch_coli_FORC_081	NZ_CP029057.1
Esch_coli_FORC_081	NZ_CP029058.1
Esch_coli_FORC_081	NZ_CP029059.1
Esch_coli_FORC_081	NZ_CP029060.1
Esch_coli_FORC_081	NZ_CP029061.1
Esch_coli_FORC_082	NZ_CP026641.1
Esch_coli_FORC_082	NZ_CP026642.1
Esch_coli_FORC_082	NZ_CP026643.1
Esch_coli_FORC_082	NZ_CP026644.1
Esch_coli_FRIK2069	NZ_CP015846.1
Esch_coli_FRIK2069	NZ_CP015847.2
Esch_coli_FRIK2455	NZ_CP015843.2
Esch_coli_FRIK2455	NZ_CP015845.2
Esch_coli_FRIK2455	NZ_CP015844.2
Esch_coli_FRIK2533	NZ_CP015842.1
Esch_coli_FRIK2533	NZ_CP022729.1
Esch_coli_FRIK944	NZ_CP016625.1
Esch_coli_FRIK944	NZ_CP016626.1
Esch_coli_FWSEC0001	NZ_CP031922.1
Esch_coli_FWSEC0001	NZ_CP031923.1
Esch_coli_FWSEC0001	NZ_CP031924.1
Esch_coli_FWSEC0001	NZ_CP031925.1
Esch_coli_FWSEC0002	NZ_CP031919.1
Esch_coli_FWSEC0002	NZ_CP031921.1
Esch_coli_FWSEC0002	NZ_CP031920.1
Esch_coli_FWSEC0003	NZ_CP031916.1
Esch_coli_FWSEC0003	NZ_CP031917.1
Esch_coli_FWSEC0003	NZ_CP031918.1
Esch_coli_FWSEC0004	NZ_CP031913.1
Esch_coli_FWSEC0004	NZ_CP031914.1
Esch_coli_FWSEC0004	NZ_CP031915.1
Esch_coli_FWSEC0005	NZ_CP031912.1
Esch_coli_FWSEC0006	NZ_CP031910.1
Esch_coli_FWSEC0006	NZ_CP031911.1
Esch_coli_FWSEC0007	NZ_CP031908.1
Esch_coli_FWSEC0007	NZ_CP031909.1
Esch_coli_FWSEC0008	NZ_CP031906.1
Esch_coli_FWSEC0008	NZ_CP031907.1
Esch_coli_FWSEC0009	NZ_CP031902.1
Esch_coli_FWSEC0009	NZ_CP031903.1
Esch_coli_FWSEC0009	NZ_CP031904.1
Esch_coli_FWSEC0009	NZ_CP031905.1
Esch_coli_FWSEC0010	NZ_CP031898.1
Esch_coli_FWSEC0010	NZ_CP031899.1
Esch_coli_FWSEC0010	NZ_CP031900.1
Esch_coli_FWSEC0010	NZ_CP031901.1
Esch_coli_G3X16-2	NZ_CP038138.1
Esch_coli_G3X16-2	NZ_CP038139.1
Esch_coli_G3X16-2	NZ_CP038140.1
Esch_coli_G749	NZ_CP014488.1
Esch_coli_G749	NZ_CP014489.1
Esch_coli_G749	NZ_CP014490.1
Esch_coli_G749	NZ_CP014491.1
Esch_coli_GB089	NZ_CP013663.1
Esch_coli_GB089	NZ_CP012499.1
Esch_coli_GCF_000819645_1	NZ_CP010315.1
Esch_coli_GCF_000819645_1	NZ_CP010317.1
Esch_coli_GCF_000819645_1	NZ_CP010318.1
Esch_coli_GCF_000819645_1	NZ_CP010316.1
Esch_coli_H105	NZ_CP021454.1
Esch_coli_H105	NZ_CP021871.1
Esch_coli_H10	NZ_CP010176.1
Esch_coli_H14	NZ_CP010177.1
Esch_coli_H15	NZ_CP010178.1
Esch_coli_H15	NZ_CP010179.1
Esch_coli_H1827_12	NZ_CP013031.1
Esch_coli_H1	NZ_CP010160.1
Esch_coli_H1	NZ_CP010161.1
Esch_coli_H1	NZ_CP010162.1
Esch_coli_H2	NZ_CP010163.1
Esch_coli_H2	NZ_CP010164.1
Esch_coli_H2	NZ_CP010165.1
Esch_coli_H2	NZ_CP010166.1
Esch_coli_H3	NZ_CP010167.1
Esch_coli_H3	NZ_CP010168.1
Esch_coli_H5	NZ_CP010169.1
Esch_coli_H6	NZ_CP010170.1
Esch_coli_H7	NZ_CP010171.1
Esch_coli_H8	NZ_CP010172.1
Esch_coli_H8	NZ_CP010173.1
Esch_coli_H8	NZ_CP010174.1
Esch_coli_H8	NZ_CP010175.1
Esch_coli_H9Ecoli	NZ_CP029180.1
Esch_coli_H9Ecoli	NZ_CP029181.1
Esch_coli_H9Ecoli	NZ_CP029182.1
Esch_coli_H9Ecoli	NZ_CP029183.1
Esch_coli_H9Ecoli	NZ_CP029184.1
Esch_coli_HB-Coli0	NZ_CP020933.1
Esch_coli_HB-Coli0	NZ_CP020934.1
Esch_coli_HB-Coli0	NZ_CP020936.1
Esch_coli_HKUOPY1	NZ_CP019961.1
Esch_coli_HS13-1	NZ_CP026491.1
Esch_coli_HS13-1	NZ_CP026493.1
Esch_coli_HS13-1	NZ_CP026494.1
Esch_coli_HS13-1	NZ_CP026492.1
Esch_coli_HS30-1	NZ_CP029492.1
Esch_coli_HS30-1	NZ_CP029493.1
Esch_coli_HS	NC_009800.1
Esch_coli_HST04	NZ_CP013952.1
Esch_coli_HUSEC2011	NZ_HF572917.1
Esch_coli_HUSEC2011	NC_022742.1
Esch_coli_HUSEC2011	NC_022743.1
Esch_coli_HUSEC2011	NC_022741.1
Esch_coli_IAI1	NC_011741.1
Esch_coli_IAI39	NC_011750.1
Esch_coli_IHE3034	NC_017628.1
Esch_coli_IMT16316	NZ_CP023815.1
Esch_coli_IMT16316	NZ_CP023816.1
Esch_coli_J53	NZ_CP028702.1
Esch_coli_JEONG-1266	NZ_CP014314.1
Esch_coli_JEONG-1266	NZ_CP015816.1
Esch_coli_JJ1886	NC_022648.1
Esch_coli_JJ1886	NC_022661.1
Esch_coli_JJ1886	NC_022649.1
Esch_coli_JJ1886	NC_022662.1
Esch_coli_JJ1886	NC_022650.1
Esch_coli_JJ1886	NC_022651.1
Esch_coli_JJ1887	NZ_CP014316.1
Esch_coli_JJ1887	NZ_CP014317.1
Esch_coli_JJ1887	NZ_CP014318.1
Esch_coli_JJ1887	NZ_CP014319.1
Esch_coli_JJ1887	NZ_CP014321.1
Esch_coli_JJ1887	NZ_CP014320.1
Esch_coli_JJ2434	NZ_CP013835.1
Esch_coli_JJ2434	NZ_CP013833.1
Esch_coli_JJ2434	NZ_CP013834.1
Esch_coli_JW5437-1_substr_MG1655	NZ_CP014348.1
Esch_coli_K-12_NEB_5-alpha	NZ_CP017100.1
Esch_coli_K-12_substr_AG100	NZ_LN832404.1
Esch_coli_K-12_substr_BW25113	NZ_CP009273.1
Esch_coli_K-12_substr_BW2952	NC_012759.1
Esch_coli_K-12_substr_DH10B	NC_010473.1
Esch_coli_K-12_substr_GM4792	NZ_CP011343.2
Esch_coli_K-12_substr_GM4792_GCF_001020945.2	NZ_CP011342.2
Esch_coli_K-12_substr_HMS174	NZ_LM993812.1
Esch_coli_K-12_substr_MC4100	NZ_HG738867.1
Esch_coli_K-12_substr_MG1655	NZ_CP025268.1
Esch_coli_K-12_substr_MG1655_GCF_000005845.2	NC_000913.3
Esch_coli_K-12_substr_MG1655_GCF_000801205.1	NZ_CP009685.1
Esch_coli_K-12_substr_MG1655_GCF_001308065.1	NZ_CP012868.1
Esch_coli_K-12_substr_MG1655_GCF_001544635.1	NZ_CP014225.1
Esch_coli_K-12_substr_MG1655_GCF_003627195.1	NZ_CP032667.1
Esch_coli_K-12_substr_MG1655_TMP32XR1	NZ_CP012869.1
Esch_coli_K-12_substr_MG1655_TMP32XR2	NZ_CP012870.1
Esch_coli_K-12_substr_RV308	NZ_LM995446.1
Esch_coli_K-12_substr_W3110	NC_007779.1
Esch_coli_K-15KW01	NZ_CP016358.1
Esch_coli_K71-77	NZ_CP040886.1
Esch_coli_K71-77	NZ_CP040884.1
Esch_coli_K71-77	NZ_CP040885.1
Esch_coli_KBN10P04869	NZ_CP026473.1
Esch_coli_KBN10P04869	NZ_CP026474.1
Esch_coli_KBN10P04869	NZ_CP026475.1
Esch_coli_KBN10P04869	NZ_CP026476.1
Esch_coli_KL53	NZ_CP030919.1
Esch_coli_KL53	NZ_CP030920.1
Esch_coli_KL53	NZ_CP030921.1
Esch_coli_KL53	NZ_CP030922.1
Esch_coli_KLY	NZ_CP008801.1
Esch_coli_KO11	NC_016902.1
Esch_coli_KO11	NC_016904.1
Esch_coli_KO11	NC_016903.1
Esch_coli_KO11FL	NC_017660.1
Esch_coli_KO11FL	NC_017661.1
Esch_coli_KR2009	NZ_CP040664.1
Esch_coli_KSC1031	NZ_CP019560.1
Esch_coli_KSC1031	NZ_CP019561.1
Esch_coli_KSC207	NZ_CP019558.1
Esch_coli_KSC207	NZ_CP019559.1
Esch_coli_KSC64	NZ_CP018840.1
Esch_coli_KSC9	NZ_CP018323.1
Esch_coli_L37	NZ_CP034589.1
Esch_coli_L37	NZ_CP034590.1
Esch_coli_L37	NZ_CP034591.1
Esch_coli_L37	NZ_CP034592.1
Esch_coli_L65	NZ_CP034738.1
Esch_coli_L65	NZ_CP034739.1
Esch_coli_L65	NZ_CP034740.1
Esch_coli_L65	NZ_CP034741.1
Esch_coli_L65	NZ_CP034742.1
Esch_coli_L65	NZ_CP034743.1
Esch_coli_L65	NZ_CP034744.1
Esch_coli_L725	NZ_CP036202.1
Esch_coli_L725	NZ_CP036205.1
Esch_coli_L725	NZ_CP036203.1
Esch_coli_L725	NZ_CP036204.1
Esch_coli_L725	NZ_CP036206.1
Esch_coli_L725	NZ_CP036207.1
Esch_coli_L73	NZ_CP033378.1
Esch_coli_L73	NZ_CP033379.1
Esch_coli_L73	NZ_CP033380.1
Esch_coli_LF82	NC_011993.1
Esch_coli_LHM10-1	NZ_CP037903.1
Esch_coli_LHM10-1	NZ_CP037909.1
Esch_coli_LHM10-1	NZ_CP037906.1
Esch_coli_LHM10-1	NZ_CP037904.1
Esch_coli_LHM10-1	NZ_CP037905.1
Esch_coli_LHM10-1	NZ_CP037907.1
Esch_coli_LHM10-1	NZ_CP037908.1
Esch_coli_LIM	NZ_CP026027.1
Esch_coli_LS4	NZ_CP024717.1
Esch_coli_LS4	NZ_CP024718.1
Esch_coli_LS4	NZ_CP024719.1
Esch_coli_LY180	NC_022364.1
Esch_coli_M10	NZ_CP010200.1
Esch_coli_M10	NZ_CP010201.1
Esch_coli_M10	NZ_CP010202.1
Esch_coli_M10	NZ_CP010203.1
Esch_coli_M10	NZ_CP010204.1
Esch_coli_M10	NZ_CP010205.1
Esch_coli_M11	NZ_CP010206.1
Esch_coli_M11	NZ_CP010207.1
Esch_coli_M11	NZ_CP010208.1
Esch_coli_M11	NZ_CP010209.1
Esch_coli_M11	NZ_CP010210.1
Esch_coli_M11	NZ_CP010211.1
Esch_coli_M11	NZ_CP010212.1
Esch_coli_M15	NZ_CP010213.1
Esch_coli_M15	NZ_CP010214.1
Esch_coli_M15	NZ_CP010215.1
Esch_coli_M15	NZ_CP010216.1
Esch_coli_M15	NZ_CP010217.1
Esch_coli_M15	NZ_CP010218.1
Esch_coli_M160133	NZ_CP022164.1
Esch_coli_M160133	NZ_CP022165.1
Esch_coli_M160133	NZ_CP022166.1
Esch_coli_M160133	NZ_CP022167.1
Esch_coli_M16807	NZ_CP031256.1
Esch_coli_M18	NZ_CP010219.1
Esch_coli_M18	NZ_CP010220.1
Esch_coli_M19	NZ_CP010221.1
Esch_coli_M19	NZ_CP010222.1
Esch_coli_M19	NZ_CP010223.1
Esch_coli_M19	NZ_CP010224.1
Esch_coli_M19	NZ_CP010225.1
Esch_coli_M1	NZ_CP010180.1
Esch_coli_M1	NZ_CP010181.1
Esch_coli_M1	NZ_CP010182.1
Esch_coli_M3	NZ_CP010183.1
Esch_coli_M3	NZ_CP010184.1
Esch_coli_M3	NZ_CP010185.1
Esch_coli_M6	NZ_CP010186.1
Esch_coli_M6	NZ_CP010187.1
Esch_coli_M6	NZ_CP010188.1
Esch_coli_M6	NZ_CP010189.1
Esch_coli_M6	NZ_CP010190.1
Esch_coli_M8	NZ_CP019953.1
Esch_coli_M8	NZ_CP019954.1
Esch_coli_M8	NZ_CP019955.1
Esch_coli_M8	NZ_CP019956.1
Esch_coli_M8_GCF_001901085.1	NZ_CP010191.1
Esch_coli_M8_GCF_001901085.1	NZ_CP010192.1
Esch_coli_M8_GCF_001901085.1	NZ_CP010193.1
Esch_coli_M8_GCF_001901085.1	NZ_CP010194.1
Esch_coli_M8_GCF_001901085.1	NZ_CP010195.1
Esch_coli_M9682-C1	NZ_CP024275.1
Esch_coli_M9682-C1	NZ_CP024276.1
Esch_coli_M9682-C1	NZ_CP024277.1
Esch_coli_M9	NZ_CP010196.1
Esch_coli_M9	NZ_CP010197.1
Esch_coli_M9	NZ_CP010198.1
Esch_coli_M9	NZ_CP010199.1
Esch_coli_MCJCHV-1	NZ_CP030111.1
Esch_coli_MCJCHV-1	NZ_CP030112.1
Esch_coli_MCJCHV-1	NZ_CP030113.1
Esch_coli_MCJCHV-1	NZ_CP030114.1
Esch_coli_MCJCHV-1	NZ_CP030115.1
Esch_coli_MCJCHV-1	NZ_CP030116.1
Esch_coli_MDR_56	NZ_CP019903.1
Esch_coli_MDR_56	NZ_CP019908.1
Esch_coli_MDR_56	NZ_CP019904.1
Esch_coli_MDR_56	NZ_CP019907.1
Esch_coli_MDR_56	NZ_CP019909.1
Esch_coli_MDR_56	NZ_CP019910.1
Esch_coli_MDR_56	NZ_CP019906.1
Esch_coli_MDR_56	NZ_CP019905.1
Esch_coli_ME8067	NZ_CP028703.1
Esch_coli_MGY	NZ_CP019629.1
Esch_coli_ML35	NZ_CP025747.1
Esch_coli_MNCRE44	NZ_CP010876.1
Esch_coli_MNCRE44	NZ_CP010877.1
Esch_coli_MNCRE44	NZ_CP010878.1
Esch_coli_MNCRE44	NZ_CP010879.1
Esch_coli_MNCRE44	NZ_CP010880.1
Esch_coli_MNCRE44	NZ_CP010881.1
Esch_coli_MNCRE44	NZ_CP010882.1
Esch_coli_MRE600	NZ_CP014197.1
Esch_coli_MRE600	NZ_CP014198.2
Esch_coli_MRE600	NZ_CP014199.1
Esch_coli_MRE600	NZ_CP014200.1
Esch_coli_MRSN346355	NZ_CP018121.1
Esch_coli_MRSN346355	NZ_CP018122.1
Esch_coli_MRSN346355	NZ_CP018126.1
Esch_coli_MRSN346355	NZ_CP018125.1
Esch_coli_MRSN346355	NZ_CP018124.1
Esch_coli_MRSN346355	NZ_CP018123.1
Esch_coli_MRSN346595	NZ_CP018109.1
Esch_coli_MRSN346595	NZ_CP018110.1
Esch_coli_MRSN346595	NZ_CP018114.1
Esch_coli_MRSN346595	NZ_CP018113.1
Esch_coli_MRSN346595	NZ_CP018112.1
Esch_coli_MRSN346595	NZ_CP018111.1
Esch_coli_MRSN346638	NZ_CP018115.1
Esch_coli_MRSN346638	NZ_CP018116.1
Esch_coli_MRSN346638	NZ_CP018120.1
Esch_coli_MRSN346638	NZ_CP018119.1
Esch_coli_MRSN346638	NZ_CP018118.1
Esch_coli_MRSN346638	NZ_CP018117.1
Esch_coli_MRSN346647	NZ_CP018206.1
Esch_coli_MRSN346647	NZ_CP018207.1
Esch_coli_MRSN346647	NZ_CP018208.1
Esch_coli_MRSN352231	NZ_CP018103.1
Esch_coli_MRSN352231	NZ_CP018108.1
Esch_coli_MRSN352231	NZ_CP018107.1
Esch_coli_MRSN352231	NZ_CP018105.1
Esch_coli_MRSN352231	NZ_CP018106.1
Esch_coli_MRSN352231	NZ_CP018104.1
Esch_coli_MRY15-117	NZ_AP017617.1
Esch_coli_MRY15-117	NZ_AP017618.1
Esch_coli_MRY15-117	NZ_AP017619.1
Esch_coli_MRY15-131	NZ_AP017620.1
Esch_coli_MRY15-131	NZ_AP017621.1
Esch_coli_MRY15-131	NZ_AP017622.1
Esch_coli_MS14384	NZ_LR130562.1
Esch_coli_MS14384	NZ_LR130563.1
Esch_coli_MS14385	NZ_LR130555.1
Esch_coli_MS14385	NZ_LR130556.1
Esch_coli_MS14385	NZ_LR130557.1
Esch_coli_MS14385	NZ_LR130558.1
Esch_coli_MS14385	NZ_LR130559.1
Esch_coli_MS14385	NZ_LR130560.1
Esch_coli_MS14385	NZ_LR130561.1
Esch_coli_MS14386	NZ_LR130552.1
Esch_coli_MS14386	NZ_LR130553.1
Esch_coli_MS14386	NZ_LR130554.1
Esch_coli_MS6198	NZ_CP015834.1
Esch_coli_MS6198	NZ_CP015835.1
Esch_coli_MS6198	NZ_CP015836.1
Esch_coli_MS6198	NZ_CP015837.1
Esch_coli_MS6198	NZ_CP015838.1
Esch_coli_MS7163	NZ_CP026853.1
Esch_coli_MS7163	NZ_CP026854.1
Esch_coli_MS7163	NZ_CP026855.1
Esch_coli_MS8345	NZ_CP025401.1
Esch_coli_MS8345	NZ_CP025402.1
Esch_coli_MS8345	NZ_CP025403.1
Esch_coli_MSHS_133	NZ_CP041304.1
Esch_coli_MSHS_133	NZ_CP041303.1
Esch_coli_MSHS_472	NZ_CP041302.1
Esch_coli_MSHS_472	NZ_CP041301.1
Esch_coli_MT102	NZ_CP034953.2
Esch_coli_MVAST0167	NZ_CP014492.1
Esch_coli_MVAST0167	NZ_CP014493.1
Esch_coli_MVAST0167	NZ_CP014494.1
Esch_coli_NADC_5570_86-24_6564	NZ_CP017251.1
Esch_coli_NADC_5570_86-24_6564	NZ_CP017252.1
Esch_coli_NADC_5570_86-24_6565	NZ_CP017249.1
Esch_coli_NADC_5570_86-24_6565	NZ_CP017250.1
Esch_coli_NCCP15648	NZ_CP009050.1
Esch_coli_NCCP15648	NZ_CP009051.1
Esch_coli_NCCP15648	NZ_CP009052.1
Esch_coli_NCCP15648	NZ_CP009053.1
Esch_coli_NCM3722	NZ_CP011495.1
Esch_coli_NCM3722	NZ_CP011496.1
Esch_coli_NCTC10444	NZ_LR134092.1
Esch_coli_NCTC10537	NZ_LR134248.1
Esch_coli_NCTC10973	NZ_LR134216.1
Esch_coli_NCTC11023	NZ_LS483297.1
Esch_coli_NCTC11104	NZ_LR134214.1
Esch_coli_NCTC11113	NZ_LR134221.1
Esch_coli_NCTC11121	NZ_LR134220.1
Esch_coli_NCTC11129	NZ_LR134222.1
Esch_coli_NCTC11133	NZ_LR134340.1
Esch_coli_NCTC11151	NZ_LR134031.1
Esch_coli_NCTC11476	NZ_LR134209.1
Esch_coli_NCTC122	NZ_LT906474.1
Esch_coli_NCTC12655	NZ_LR134083.1
Esch_coli_NCTC5934	NZ_LR134191.1
Esch_coli_NCTC8196	NZ_LR134270.1
Esch_coli_NCTC8623	NZ_LR134234.1
Esch_coli_NCTC86EC	NZ_LT601384.1
Esch_coli_NCTC86	NZ_CP019778.1
Esch_coli_NCTC86_GCF_900699165.1	NZ_LR217818.1
Esch_coli_NCTC9008	NZ_LR134236.1
Esch_coli_NCTC9022	NZ_LR134237.1
Esch_coli_NCTC9038	NZ_LR134082.1
Esch_coli_NCTC9040	NZ_LR134247.1
Esch_coli_NCTC9041	NZ_LR134296.1
Esch_coli_NCTC9064	NZ_LR134315.1
Esch_coli_NCTC9066	NZ_LR134000.1
Esch_coli_NCTC9080	NZ_LR134295.1
Esch_coli_NCTC9082	NZ_LR134080.1
Esch_coli_NCTC9084	NZ_LR134075.1
Esch_coli_NCTC9085	NZ_LR134078.1
Esch_coli_NCTC9087	NZ_LR134231.1
Esch_coli_NCTC9088	NZ_LR134226.1
Esch_coli_NCTC9100	NZ_LR134239.1
Esch_coli_NCTC9102	NZ_LR134227.1
Esch_coli_NCTC9104	NZ_LR134152.1
Esch_coli_NCTC9107	NZ_LR134240.1
Esch_coli_NCTC9112	NZ_LR134079.1
Esch_coli_NCTC9113	NZ_LR134311.1
Esch_coli_NCTC9699	NZ_LR134228.1
Esch_coli_NCTC9966	NZ_LS483296.1
Esch_coli_NCTC9967	NZ_LS483303.1
Esch_coli_NGF1	NZ_CP016007.1
Esch_coli_NGF1	NZ_CP016008.1
Esch_coli_NGF1	NZ_CP016009.1
Esch_coli_Nissle_1917	NZ_CP022686.1
Esch_coli_Nissle_1917	NZ_CP023342.1
Esch_coli_Nissle_1917	NZ_CP022687.1
Esch_coli_Nissle_1917_GCF_000714595.1	NZ_CP007799.1
Esch_coli_NissleGFP_pZE21	NZ_CP035486.1
Esch_coli_NissleGFP_pZE21	NZ_CP035488.1
Esch_coli_NissleGFP_pZE21	NZ_CP035487.1
Esch_coli_NissleGFP_pZE21	NZ_CP035489.1
Esch_coli_NMEC_O18	NZ_CP007275.1
Esch_coli_NQ3	NZ_CP024720.1
Esch_coli_NQ3	NZ_CP024721.1
Esch_coli_NQ3	NZ_CP024722.1
Esch_coli_NRG_857C	NC_017634.1
Esch_coli_NRG_857C	NC_017659.1
Esch_coli_NU14	NZ_CP019777.1
Esch_coli_O177_H21	NZ_CP016546.1
Esch_coli_O177_H21	NZ_CP016547.1
Esch_coli_O177_H21	NZ_CP016548.1
Esch_coli_O177_H21	NZ_CP016549.1
Esch_coli_O177_H21	NZ_CP016550.1
Esch_coli_O177_H21	NZ_CP016551.1
Esch_coli_O25b_H4	NZ_CP015085.1
Esch_coli_O25b_H4	NZ_CP015086.1
Esch_coli_O25b_H4	NZ_CP015087.1
Esch_coli_O25b_H4	NZ_CP015088.1
Esch_coli_P12b	NC_017663.1
Esch_coli_PA20	NZ_CP017669.1
Esch_coli_PA20	NZ_CP017670.1
Esch_coli_PA45B	NZ_CP021288.1
Esch_coli_PA45B	NZ_CP021289.1
Esch_coli_PAR	NZ_CP012379.1
Esch_coli_PCN033	NZ_CP006632.1
Esch_coli_PCN033	NZ_CP006633.1
Esch_coli_PCN033	NZ_CP006634.1
Esch_coli_PCN033	NZ_CP006635.1
Esch_coli_PCN061	NZ_CP006636.1
Esch_coli_PCN061	NZ_CP006637.1
Esch_coli_PCN061	NZ_CP006638.1
Esch_coli_PCN061	NZ_CP006639.1
Esch_coli_PCN061	NZ_CP006640.1
Esch_coli_PCN061	NZ_CP006641.1
Esch_coli_PCN061	NZ_CP006642.1
Esch_coli_PF9285	NZ_CP038791.1
Esch_coli_PF9285	NZ_CP038792.1
Esch_coli_PF9285	NZ_CP038793.1
Esch_coli_PF9285	NZ_CP038794.1
Esch_coli_PF9285	NZ_CP038795.1
Esch_coli_PigCaeca_1	NZ_CP039298.1
Esch_coli_PigCaeca_1	NZ_CP039299.1
Esch_coli_PigCaeca_1	NZ_CP039300.1
Esch_coli_PigCaeca_1	NZ_CP039301.1
Esch_coli_PigCaeca_1	NZ_CP039302.1
Esch_coli_PigCaeca_2	NZ_CP038857.1
Esch_coli_PigCaeca_2	NZ_CP038858.1
Esch_coli_PSUO2	NZ_CP011915.1
Esch_coli_PSUO2	NZ_CP011916.1
Esch_coli_pv15-279	NZ_AP018488.1
Esch_coli_pv15-279	NZ_AP018489.1
Esch_coli_REL606	NC_012967.1
Esch_coli_RM10042	NZ_CP028122.1
Esch_coli_RM10042	NZ_CP028120.1
Esch_coli_RM10042	NZ_CP028121.1
Esch_coli_RM10042	NZ_CP028123.1
Esch_coli_RM10386	NZ_CP028126.1
Esch_coli_RM10386	NZ_CP028125.1
Esch_coli_RM10386	NZ_CP028124.1
Esch_coli_RM10466	NZ_CP028381.1
Esch_coli_RM10466	NZ_CP028382.1
Esch_coli_RM10466	NZ_CP028383.1
Esch_coli_RM12579	NC_017656.1
Esch_coli_RM12579	NC_017653.1
Esch_coli_RM12579	NC_017657.1
Esch_coli_RM12579	NC_017654.1
Esch_coli_RM12579	NC_017658.1
Esch_coli_RM12579	NC_017655.1
Esch_coli_RM12581	NZ_CP007136.1
Esch_coli_RM12581	NZ_CP007138.1
Esch_coli_RM12581	NZ_CP007137.1
Esch_coli_RM12761	NZ_CP007133.1
Esch_coli_RM12761	NZ_CP007135.1
Esch_coli_RM12761	NZ_CP007134.1
Esch_coli_RM13514	NZ_CP006027.1
Esch_coli_RM13514	NZ_CP006028.1
Esch_coli_RM13514	NZ_CP006029.1
Esch_coli_RM13516	NZ_CP006262.1
Esch_coli_RM13516	NZ_CP006263.1
Esch_coli_RM13516	NZ_CP006264.1
Esch_coli_RM14715	NZ_CP027104.1
Esch_coli_RM14721	NZ_CP027105.1
Esch_coli_RM14721	NZ_CP027106.1
Esch_coli_RM14723	NZ_CP027103.1
Esch_coli_RM7190	NZ_CP015244.1
Esch_coli_RM7190	NZ_CP015245.1
Esch_coli_RM7190	NZ_CP015246.1
Esch_coli_RM8352	NZ_CP028110.1
Esch_coli_RM8352	NZ_CP028111.1
Esch_coli_RM8385	NZ_CP028112.1
Esch_coli_RM8385	NZ_CP028113.1
Esch_coli_RM8385	NZ_CP028114.1
Esch_coli_RM8426	NZ_CP028116.1
Esch_coli_RM8426	NZ_CP028115.1
Esch_coli_RM9131	NZ_CP028429.1
Esch_coli_RM9131	NZ_CP028430.1
Esch_coli_RM9131	NZ_CP028431.1
Esch_coli_RM9322	NZ_CP028117.1
Esch_coli_RM9322	NZ_CP028118.1
Esch_coli_RM9322	NZ_CP028119.1
Esch_coli_RM9387	NZ_CP009104.1
Esch_coli_RM9387	NZ_CP009105.1
Esch_coli_RM9872	NZ_CP028379.1
Esch_coli_RM9872	NZ_CP028380.1
Esch_coli_RM9975	NZ_CP028432.1
Esch_coli_RM9975	NZ_CP028433.1
Esch_coli_RM9975	NZ_CP028434.1
Esch_coli_RR1	NZ_CP011113.2
Esch_coli_RS218	NZ_CP007149.1
Esch_coli_RS218	NZ_CP007150.1
Esch_coli_RS571	NZ_CP034389.1
Esch_coli_RS571	NZ_CP034390.1
Esch_coli_RS571	NZ_CP034391.1
Esch_coli_RS571	NZ_CP034392.1
Esch_coli_S10	NZ_CP031609.1
Esch_coli_S10	NZ_CP031610.1
Esch_coli_S10_GCF_001901465.1	NZ_CP010229.1
Esch_coli_S17-1	NZ_CP040667.1
Esch_coli_S1	NZ_CP010226.1
Esch_coli_S1	NZ_CP010227.1
Esch_coli_S21	NZ_CP010230.1
Esch_coli_S30	NZ_CP010231.1
Esch_coli_S30	NZ_CP010232.1
Esch_coli_S30	NZ_CP010233.1
Esch_coli_S30	NZ_CP010234.1
Esch_coli_S3	NZ_CP010228.1
Esch_coli_S40	NZ_CP010235.1
Esch_coli_S42	NZ_CP010236.1
Esch_coli_S43	NZ_CP010237.1
Esch_coli_S50	NZ_CP010238.1
Esch_coli_S50	NZ_CP010239.1
Esch_coli_S51	NZ_CP015995.1
Esch_coli_S51	NZ_CP015996.1
Esch_coli_S51	NZ_CP015997.1
Esch_coli_S56	NZ_CP010242.1
Esch_coli_S56	NZ_CP010243.1
Esch_coli_S56	NZ_CP010244.1
Esch_coli_S56	NZ_CP010245.1
Esch_coli_S65EC	NZ_CP036245.1
Esch_coli_S65EC	NZ_CP036244.1
Esch_coli_S88	NC_011742.1
Esch_coli_S88	NC_011747.1
Esch_coli_SA186	NZ_CP022730.1
Esch_coli_SA186	NZ_CP022731.1
Esch_coli_SA186	NZ_CP022732.1
Esch_coli_SA186	NZ_CP022733.1
Esch_coli_SA186	NZ_CP022734.1
Esch_coli_SA186	NZ_CP022735.1
Esch_coli_Sakai_substr_RIMD_0509952	NC_002695.2
Esch_coli_Sakai_substr_RIMD_0509952	NC_002128.1
Esch_coli_Sakai_substr_RIMD_0509952	NC_002127.1
Esch_coli_Sanji	NZ_CP011061.1
Esch_coli_Sanji	NZ_CP011067.1
Esch_coli_Sanji	NZ_CP011062.1
Esch_coli_Sanji	NZ_CP011066.1
Esch_coli_Sanji	NZ_CP011065.1
Esch_coli_Sanji	NZ_CP011064.1
Esch_coli_Sanji	NZ_CP011063.1
Esch_coli_Santai	NZ_CP007592.1
Esch_coli_SaT040	NZ_CP014495.1
Esch_coli_SaT040	NZ_CP014496.1
Esch_coli_SC516	NZ_CP025048.1
Esch_coli_SCEC020001	NZ_CP032426.1
Esch_coli_SCEC020001	NZ_CP032420.1
Esch_coli_SCEC020001	NZ_CP032421.1
Esch_coli_SCEC020001	NZ_CP032422.1
Esch_coli_SCEC020001	NZ_CP032423.1
Esch_coli_SCEC020001	NZ_CP032424.1
Esch_coli_SCEC020001	NZ_CP032425.1
Esch_coli_SCEC020007	NZ_CP025627.1
Esch_coli_SCEC020007	NZ_CP025625.1
Esch_coli_SCEC020007	NZ_CP025626.1
Esch_coli_SCEC020022	NZ_CP032892.1
Esch_coli_SCEC020022	NZ_CP032880.1
Esch_coli_SCEC020022	NZ_CP032881.1
Esch_coli_SCEC020022	NZ_CP032882.1
Esch_coli_SCEC020022	NZ_CP032883.1
Esch_coli_SCEC020022	NZ_CP032884.1
Esch_coli_SCEC020022	NZ_CP032885.1
Esch_coli_SCEC020022	NZ_CP032886.1
Esch_coli_SCEC020022	NZ_CP032887.1
Esch_coli_SCEC020022	NZ_CP032888.1
Esch_coli_SCEC020022	NZ_CP032889.1
Esch_coli_SCEC020022	NZ_CP032890.1
Esch_coli_SCEC020022	NZ_CP032891.1
Esch_coli_SCEC020023	NZ_CP025950.2
Esch_coli_SCEC020023	NZ_CP025946.1
Esch_coli_SCEC020023	NZ_CP025945.2
Esch_coli_SCEC020023	NZ_CP025947.2
Esch_coli_SCEC020023	NZ_CP025948.1
Esch_coli_SCEC020023	NZ_CP025944.2
Esch_coli_SCEC020023	NZ_CP025949.1
Esch_coli_SCEC020026	NZ_CP034958.1
Esch_coli_SCEC020026	NZ_CP034954.1
Esch_coli_SCEC020026	NZ_CP034955.1
Esch_coli_SCEC020026	NZ_CP034956.1
Esch_coli_SCEC020026	NZ_CP034957.1
Esch_coli_SD134209	NZ_CP029692.1
Esch_coli_SD134209	NZ_CP029690.1
Esch_coli_SD134209	NZ_CP029691.1
Esch_coli_SE11	NC_011415.1
Esch_coli_SE11	NC_011419.1
Esch_coli_SE11	NC_011413.1
Esch_coli_SE11	NC_011416.1
Esch_coli_SE11	NC_011407.1
Esch_coli_SE11	NC_011408.1
Esch_coli_SE11	NC_011411.1
Esch_coli_SE15	NC_013654.1
Esch_coli_SE15	NC_013655.1
Esch_coli_SEC470	NZ_CP007594.1
Esch_coli_SF-088	NZ_CP012635.1
Esch_coli_SF-088	NZ_CP012636.1
Esch_coli_SF-088	NZ_CP012637.1
Esch_coli_SF-088	NZ_CP012638.1
Esch_coli_SF-166	NZ_CP012633.1
Esch_coli_SF-166	NZ_CP012634.1
Esch_coli_SF-173	NZ_CP012631.1
Esch_coli_SF-173	NZ_CP012632.1
Esch_coli_SF-468	NZ_CP012625.1
Esch_coli_SF-468	NZ_CP012626.1
Esch_coli_SF-468	NZ_CP012627.1
Esch_coli_SF-468	NZ_CP012628.1
Esch_coli_SF-468	NZ_CP012629.1
Esch_coli_SF-468	NZ_CP012630.1
Esch_coli_SK1144	NZ_AP018784.1
Esch_coli_SK1144	NZ_AP018785.1
Esch_coli_SLK172	NZ_CP017631.1
Esch_coli_SLK172	NZ_CP017632.1
Esch_coli_SLK172	NZ_CP017633.1
Esch_coli_SMN013SH2	NZ_CP023673.1
Esch_coli_SMN013SH2	NZ_CP023674.1
Esch_coli_SMN013SH2	NZ_CP023675.1
Esch_coli_SMN152SH1	NZ_CP024618.1
Esch_coli_SMN152SH1	NZ_CP024617.1
Esch_coli_SMN152SH1	NZ_CP024616.1
Esch_coli_SMN152SH1	NZ_CP024615.1
Esch_coli_SMN197SH3	NZ_CP024056.1
Esch_coli_SMN197SH3	NZ_CP024055.1
Esch_coli_SMN197SH3	NZ_CP024054.1
Esch_coli_SMN197SH3	NZ_CP024053.1
Esch_coli_SMS-3-5	NC_010498.1
Esch_coli_SMS-3-5	NC_010488.1
Esch_coli_SMS-3-5	NC_010487.1
Esch_coli_SMS-3-5	NC_010486.1
Esch_coli_SMS-3-5	NC_010485.1
Esch_coli_SQ2203	NZ_CP011324.1
Esch_coli_SQ37	NZ_CP011320.1
Esch_coli_SQ88	NZ_CP011321.1
Esch_coli_SRCC_1675	NZ_CP015023.1
Esch_coli_SRCC_1675	NZ_CP015022.1
Esch_coli_SS17	NZ_CP008805.1
Esch_coli_SS17	NZ_CP008806.1
Esch_coli_SS17	NZ_CP008807.1
Esch_coli_SS52	NZ_CP010304.1
Esch_coli_SS52	NZ_CP010305.1
Esch_coli_ST2747	NZ_CP007394.1
Esch_coli_ST2747_GCF_000599665.1	NZ_CP007392.1
Esch_coli_ST2747_GCF_000599685.1	NZ_CP007393.1
Esch_coli_ST540	NZ_CP007390.1
Esch_coli_ST540_GCF_000597845.1	NZ_CP007265.1
Esch_coli_ST540_GCF_000599645.1	NZ_CP007391.1
Esch_coli_ST648	NZ_CP008697.1
Esch_coli_ST648	NZ_CP008715.1
Esch_coli_ST648	NZ_CP008716.1
Esch_coli_ST648	NZ_CP008717.1
Esch_coli_ST648	NZ_CP008718.1
Esch_coli_ST648	NZ_CP008719.1
Esch_coli_ST648	NZ_CP008720.1
Esch_coli_ST648	NZ_CP008721.1
Esch_coli_STEC299	NZ_CP022279.1
Esch_coli_STEC299	NZ_CP022280.1
Esch_coli_STEC299	NZ_CP022281.1
Esch_coli_str_3426	NZ_LS992185.1
Esch_coli_str_3426	NZ_LS992186.1
Esch_coli_str_3426	NZ_LS992187.1
Esch_coli_str_3426	NZ_LS992188.1
Esch_coli_str_3426	NZ_LS992189.1
Esch_coli_strain_Z247	NZ_CP021207.1
Esch_coli_strain_Z247	NZ_CP021208.1
Esch_coli_strain_Z247	NZ_CP021209.1
Esch_coli_strain_Z247	NZ_CP021210.1
Esch_coli_str_TO124	NZ_LS992180.1
Esch_coli_str_TO124	NZ_LS992181.1
Esch_coli_str_TO124	NZ_LS992182.1
Esch_coli_str_TO148	NZ_LS992190.1
Esch_coli_str_TO148	NZ_LS992191.1
Esch_coli_str_TO217	NZ_LS992192.1
Esch_coli_str_TO217	NZ_LS992193.1
Esch_coli_str_TO217	NZ_LS992194.1
Esch_coli_str_TO60	NZ_LS992168.1
Esch_coli_str_TO60	NZ_LS992169.1
Esch_coli_str_TO60	NZ_LS992170.1
Esch_coli_str_TO6	NZ_LS992166.1
Esch_coli_str_TO6	NZ_LS992167.1
Esch_coli_str_TO73	NZ_LS992171.1
Esch_coli_str_TO73	NZ_LS992172.1
Esch_coli_str_TO73	NZ_LS992173.1
Esch_coli_tolC-	NZ_CP018801.1
Esch_coli_TR01	NZ_CP033605.1
Esch_coli_TW14359	NC_013008.1
Esch_coli_TW14359	NC_013010.1
Esch_coli_U12A	NZ_CP035476.1
Esch_coli_U12A	NZ_CP035468.1
Esch_coli_U12A	NZ_CP035469.1
Esch_coli_U12A	NZ_CP035470.1
Esch_coli_U12A	NZ_CP035471.1
Esch_coli_U12A	NZ_CP035472.1
Esch_coli_U12A	NZ_CP035473.1
Esch_coli_U12A	NZ_CP035474.1
Esch_coli_U12A	NZ_CP035475.1
Esch_coli_U13A	NZ_CP035477.1
Esch_coli_U13A	NZ_CP035478.1
Esch_coli_U13A	NZ_CP035479.1
Esch_coli_U13A	NZ_CP035480.1
Esch_coli_U13A	NZ_CP035481.1
Esch_coli_U13A	NZ_CP035482.1
Esch_coli_U13A	NZ_CP035483.1
Esch_coli_U14A	NZ_CP035516.1
Esch_coli_U14A	NZ_CP035517.1
Esch_coli_U14A	NZ_CP035518.1
Esch_coli_U14A	NZ_CP035519.1
Esch_coli_U14A	NZ_CP035520.1
Esch_coli_U14A	NZ_CP035521.1
Esch_coli_U14A	NZ_CP035522.1
Esch_coli_U15A	NZ_CP035720.1
Esch_coli_U15A	NZ_CP035721.1
Esch_coli_U15A	NZ_CP035722.1
Esch_coli_U15A	NZ_CP035723.1
Esch_coli_U15A	NZ_CP035724.1
Esch_coli_U15A	NZ_CP035725.1
Esch_coli_U15A	NZ_CP035726.1
Esch_coli_UK_Dog_Liverpool	NZ_CP031653.1
Esch_coli_UK_Dog_Liverpool	NZ_CP031654.1
Esch_coli_UK_Dog_Liverpool	NZ_CP031655.1
Esch_coli_UK_Dog_Liverpool	NZ_CP031656.1
Esch_coli_UK_Dog_Liverpool	NZ_CP031657.1
Esch_coli_UK_Dog_Liverpool	NZ_CP031658.1
Esch_coli_uk_P46212	NZ_CP013658.1
Esch_coli_uk_P46212	NZ_CP013657.1
Esch_coli_UM146	NC_017632.1
Esch_coli_UM146	NC_017630.1
Esch_coli_UMNK88	NC_017641.1
Esch_coli_UMNK88	NC_017645.1
Esch_coli_UMNK88	NC_017642.1
Esch_coli_UMNK88	NC_017640.1
Esch_coli_UMNK88	NC_017643.1
Esch_coli_UMNK88	NC_017639.1
Esch_coli_UPEC_26-1	NZ_CP016497.1
Esch_coli_UPEC_26-1	NZ_CP016498.1
Esch_coli_USML2	NZ_CP011124.1
Esch_coli_UTI89	NC_007946.1
Esch_coli_UTI89	NC_007941.1
Esch_coli_VR50	NZ_CP011134.1
Esch_coli_VR50	NZ_CP011135.1
Esch_coli_VR50	NZ_CP011136.1
Esch_coli_VR50	NZ_CP011137.1
Esch_coli_VR50	NZ_CP011138.1
Esch_coli_VR50	NZ_CP011139.1
Esch_coli_VR50	NZ_CP011140.1
Esch_coli_VR50	NZ_CP011141.1
Esch_coli_VR50	NZ_CP011142.1
Esch_coli_VR50	NZ_CP011143.1
Esch_coli_W2-5	NZ_CP032989.1
Esch_coli_W2-5	NZ_CP032991.1
Esch_coli_W2-5	NZ_CP032990.1
Esch_coli_W5-6	NZ_CP032992.1
Esch_coli_W5-6	NZ_CP032994.1
Esch_coli_W5-6	NZ_CP032995.1
Esch_coli_W5-6	NZ_CP032993.1
Esch_coli_WAT	NZ_CP012380.1
Esch_coli_WB61	NZ_CP020025.1
Esch_coli_WCHEC000837	NZ_CP032879.1
Esch_coli_WCHEC000837	NZ_CP032875.1
Esch_coli_WCHEC000837	NZ_CP032876.1
Esch_coli_WCHEC000837	NZ_CP032877.1
Esch_coli_WCHEC000837	NZ_CP032878.1
Esch_coli_WCHEC005237	NZ_CP026580.2
Esch_coli_WCHEC005237	NZ_CP026572.2
Esch_coli_WCHEC005237	NZ_CP026573.2
Esch_coli_WCHEC005237	NZ_CP026574.2
Esch_coli_WCHEC005237	NZ_CP026575.2
Esch_coli_WCHEC005237	NZ_CP026576.2
Esch_coli_WCHEC005237	NZ_CP026577.2
Esch_coli_WCHEC005237	NZ_CP026578.2
Esch_coli_WCHEC005237	NZ_CP026579.1
Esch_coli_WCHEC005784	NZ_CP028578.2
Esch_coli_WCHEC005784	NZ_CP028575.2
Esch_coli_WCHEC005784	NZ_CP028576.1
Esch_coli_WCHEC005784	NZ_CP028577.1
Esch_coli_WCHEC020031	NZ_CP033401.1
Esch_coli_WCHEC020031	NZ_CP033397.1
Esch_coli_WCHEC020031	NZ_CP033398.1
Esch_coli_WCHEC020031	NZ_CP033399.1
Esch_coli_WCHEC020031	NZ_CP033400.1
Esch_coli_WCHEC020032	NZ_CP034966.1
Esch_coli_WCHEC020032	NZ_CP034959.1
Esch_coli_WCHEC020032	NZ_CP034960.1
Esch_coli_WCHEC020032	NZ_CP034961.1
Esch_coli_WCHEC020032	NZ_CP034962.1
Esch_coli_WCHEC020032	NZ_CP034963.1
Esch_coli_WCHEC020032	NZ_CP034964.1
Esch_coli_WCHEC020032	NZ_CP034965.1
Esch_coli_WCHEC025943	NZ_CP027205.2
Esch_coli_WCHEC025943	NZ_CP027199.1
Esch_coli_WCHEC025943	NZ_CP027200.1
Esch_coli_WCHEC025943	NZ_CP027201.2
Esch_coli_WCHEC025943	NZ_CP027202.2
Esch_coli_WCHEC025943	NZ_CP027203.2
Esch_coli_WCHEC025943	NZ_CP027204.2
Esch_coli_WCHEC025970	NZ_CP036177.1
Esch_coli_WCHEC025970	NZ_CP036180.1
Esch_coli_WCHEC025970	NZ_CP036181.1
Esch_coli_WCHEC025970	NZ_CP036182.1
Esch_coli_WCHEC025970	NZ_CP036183.1
Esch_coli_WCHEC025970	NZ_CP036184.1
Esch_coli_WCHEC025970	NZ_CP036185.1
Esch_coli_WCHEC025970	NZ_CP036178.1
Esch_coli_WCHEC025970	NZ_CP036179.1
Esch_coli_WCHEC035053S1G0	NZ_CP034595.1
Esch_coli_WCHEC035148	NZ_CP029369.1
Esch_coli_WCHEC035148	NZ_CP029365.1
Esch_coli_WCHEC035148	NZ_CP029366.1
Esch_coli_WCHEC035148	NZ_CP029367.1
Esch_coli_WCHEC035148	NZ_CP029368.1
Esch_coli_WCHEC050613	NZ_CP019213.2
Esch_coli_WCHEC050613	NZ_CP028466.1
Esch_coli_WCHEC050613	NZ_CP028467.1
Esch_coli_WCHEC050613	NZ_CP019215.2
Esch_coli_WCHEC050613	NZ_CP019214.2
Esch_coli_WCHEC050613	NZ_CP019216.2
Esch_coli_WCHEC4533	NZ_CP028589.1
Esch_coli_WCHEC4533	NZ_CP028585.1
Esch_coli_WCHEC4533	NZ_CP028586.1
Esch_coli_WCHEC4533	NZ_CP028587.1
Esch_coli_WCHEC4533	NZ_CP028588.1
Esch_coli_WCHEC96200	NZ_CP022229.2
Esch_coli_WCHEC96200	NZ_CP022228.2
Esch_coli_WCHEC96200	NZ_CP022226.2
Esch_coli_WCHEC96200	NZ_CP022227.2
Esch_coli_W	NC_017664.1
Esch_coli_W	NC_017665.1
Esch_coli_W	NC_017662.1
Esch_coli_WG5	NZ_CP024090.1
Esch_coli_W_GCF_000184185.1	NC_017635.1
Esch_coli_W_GCF_000184185.1	NC_017637.1
Esch_coli_W_GCF_000184185.1	NC_017636.1
Esch_coli_WI1_isolate	NZ_LT838196.1
Esch_coli_WI1_isolate	NZ_LT838197.1
Esch_coli_WI1_isolate	NZ_LT838198.1
Esch_coli_WI1_isolate	NZ_LT838199.1
Esch_coli_WI2_isolate	NZ_LT838200.1
Esch_coli_WI2_isolate	NZ_LT838202.1
Esch_coli_WI2_isolate	NZ_LT838203.1
Esch_coli_WI2_isolate	NZ_LT838204.1
Esch_coli_WI2_isolate	NZ_LT838201.1
Esch_coli_WS4202	NZ_CP012802.1
Esch_coli_WS4202	NZ_CP012803.1
Esch_coli_WS4202	NZ_CP012804.1
Esch_coli_Xuzhou21	NC_017906.1
Esch_coli_Xuzhou21	NC_017907.1
Esch_coli_Xuzhou21	NC_017903.1
Esch_coli_Y5	NZ_CP013483.1
Esch_coli_YD786	NZ_CP013112.1
Esch_coli_YSP8-1	NZ_CP037910.1
Esch_coli_YSP8-1	NZ_CP037911.1
Esch_coli_YSP8-1	NZ_CP037912.1
Esch_coli_Z1002	NZ_CP021202.1
Esch_coli_Z1002	NZ_CP021203.1
Esch_coli_Z1002	NZ_CP021204.1
Esch_coli_Z1002	NZ_CP021205.1
Esch_coli_Z1002	NZ_CP021206.1
Esch_coli_ZH063	NZ_CP014522.1
Esch_coli_ZH063	NZ_CP014523.1
Esch_coli_ZH063	NZ_CP014524.1
Esch_coli_ZH193	NZ_CP014497.1
Esch_coli_ZH193	NZ_CP014498.1
Esch_fergusonii_ATCC_35469	NC_011740.1
Esch_fergusonii_ATCC_35469	NC_011743.1
Esch_fergusonii_EFCF056	NZ_CP040805.1
Esch_fergusonii_EFCF056	NZ_CP040806.1
Esch_fergusonii_EFCF056	NZ_CP040807.1
Esch_fergusonii_EFCF056	NZ_CP040808.1
Esch_fergusonii_EFCF056	NZ_CP040809.1
Esch_fergusonii_EFCF056	NZ_CP040810.1
Esch_fergusonii_EFCF056	NZ_CP040811.1
Esch_marmotae_HT073016	NZ_CP025979.1
Esch_marmotae_HT073016	NZ_CP025980.1
Esch_marmotae_HT073016	NZ_CP025981.1
Esch_sp._E4742	NZ_CP040443.1
Shig_boydii_54-1621	NZ_CP026810.1
Shig_boydii_59-248	NZ_CP026766.1
Shig_boydii_59-248	NZ_CP026767.1
Shig_boydii_83-578	NZ_CP026814.1
Shig_boydii_83-578	NZ_CP026813.1
Shig_boydii_ATCC_35964	NZ_CP026877.1
Shig_boydii_ATCC_35964	NZ_CP026876.1
Shig_boydii_ATCC_49812	NZ_CP026836.1
Shig_boydii_ATCC_49812	NZ_CP026837.1
Shig_boydii_ATCC_8700	NZ_CP026731.1
Shig_boydii_ATCC_8700	NZ_CP026732.1
Shig_boydii_ATCC_8700	NZ_CP026733.1
Shig_boydii_ATCC_9210	NZ_CP011511.1
Shig_boydii_ATCC_BAA-1247	NZ_CP026795.1
Shig_boydii_ATCC_BAA-1247	NZ_CP026796.1
Shig_boydii_BS512_CDC_3083-94	NC_010658.1
Shig_boydii_BS512_CDC_3083-94	NC_010656.1
Shig_boydii_BS512_CDC_3083-94	NC_010660.1
Shig_boydii_BS512_CDC_3083-94	NC_010657.1
Shig_boydii_BS512_CDC_3083-94	NC_010659.1
Shig_boydii_BS512_CDC_3083-94	NC_010672.1
Shig_boydii_NCTC_9850	NZ_CP026762.1
Shig_boydii_NCTC_9850	NZ_CP026763.1
Shig_boydii_Sb227	NC_007613.1
Shig_boydii_Sb227	NC_007608.1
Shig_dysenteriae_07-3308	NZ_CP026878.1
Shig_dysenteriae_07-3308	NZ_CP026879.1
Shig_dysenteriae_08-3380	NZ_CP026782.1
Shig_dysenteriae_08-3380	NZ_CP026783.1
Shig_dysenteriae_2017C-4522	NZ_CP026805.1
Shig_dysenteriae_2017C-4522	NZ_CP026806.1
Shig_dysenteriae_204_96	NZ_CP026807.1
Shig_dysenteriae_204_96	NZ_CP026808.1
Shig_dysenteriae_204_96	NZ_CP026809.1
Shig_dysenteriae_53-3937	NZ_CP026780.1
Shig_dysenteriae_53-3937	NZ_CP026781.1
Shig_dysenteriae_80-547	NZ_CP026784.1
Shig_dysenteriae_80-547	NZ_CP026785.1
Shig_dysenteriae_93-119	NZ_CP026815.1
Shig_dysenteriae_93-119	NZ_CP026816.1
Shig_dysenteriae_93-119	NZ_CP026817.1
Shig_dysenteriae_96-265	NZ_CP026819.1
Shig_dysenteriae_96-265	NZ_CP026818.1
Shig_dysenteriae_96-265	NZ_CP026820.1
Shig_dysenteriae_ATCC_12037	NZ_CP026828.1
Shig_dysenteriae_ATCC_12037	NZ_CP026829.1
Shig_dysenteriae_ATCC_12039	NZ_CP026831.1
Shig_dysenteriae_ATCC_12039	NZ_CP026830.1
Shig_dysenteriae_ATCC_13313	NZ_CP026774.1
Shig_dysenteriae_ATCC_13313	NZ_CP026775.1
Shig_dysenteriae_ATCC_49347	NZ_CP026834.1
Shig_dysenteriae_ATCC_49347	NZ_CP026835.1
Shig_dysenteriae_ATCC_9753	NZ_CP026840.1
Shig_dysenteriae_ATCC_9753	NZ_CP026841.1
Shig_dysenteriae_BU53M1	NZ_CP024466.1
Shig_dysenteriae_BU53M1	NZ_CP024468.1
Shig_dysenteriae_BU53M1	NZ_CP024467.1
Shig_dysenteriae_BU53M1	NZ_CP024469.1
Shig_dysenteriae_CFSAN010956	NZ_CP026827.1
Shig_dysenteriae_CFSAN010956	NZ_CP026826.1
Shig_dysenteriae_E670_74	NZ_CP027027.1
Shig_dysenteriae_E670_74	NZ_CP027028.1
Shig_dysenteriae_NCTC_9718	NZ_CP026786.1
Shig_dysenteriae_NCTC_9718	NZ_CP026787.1
Shig_dysenteriae_Sd197	NC_007606.1
Shig_dysenteriae_Sd197	NC_009344.1
Shig_dysenteriae_Sd197	NC_007607.1
Shig_flexneri_0228	NZ_CP012735.1
Shig_flexneri_0228	NZ_CP012732.1
Shig_flexneri_0228	NZ_CP012733.1
Shig_flexneri_0228	NZ_CP012734.1
Shig_flexneri_0228	NZ_CP012736.1
Shig_flexneri_04-3145	NZ_CP026765.1
Shig_flexneri_04-3145	NZ_CP026764.1
Shig_flexneri_0670	NZ_CP020086.1
Shig_flexneri_0670	NZ_CP020087.1
Shig_flexneri_0670	NZ_CP020088.1
Shig_flexneri_0702	NZ_CP020339.1
Shig_flexneri_0702	NZ_CP020340.1
Shig_flexneri_0702	NZ_CP020341.1
Shig_flexneri_1602	NZ_CP020336.1
Shig_flexneri_1602	NZ_CP020337.1
Shig_flexneri_1602	NZ_CP020338.1
Shig_flexneri_2002017	NC_017328.1
Shig_flexneri_2002017	NC_017319.1
Shig_flexneri_2002017	NC_017320.1
Shig_flexneri_2002017	NC_017329.1
Shig_flexneri_2002017	NC_017321.1
Shig_flexneri_2002017	NC_017330.1
Shig_flexneri_2003036	NZ_CP004056.1
Shig_flexneri_2016AM-0877	NZ_CP033510.1
Shig_flexneri_2016AM-0877	NZ_CP033511.1
Shig_flexneri_2457T	NC_004741.1
Shig_flexneri_301	NC_004337.2
Shig_flexneri_301	NC_004851.1
Shig_flexneri_61-4982	NZ_CP026792.1
Shig_flexneri_61-4982	NZ_CP026791.1
Shig_flexneri_64-5500	NZ_CP026811.1
Shig_flexneri_64-5500	NZ_CP026812.1
Shig_flexneri_74-1170	NZ_CP026793.1
Shig_flexneri_74-1170	NZ_CP026794.1
Shig_flexneri_8401	NC_008258.1
Shig_flexneri_89-141	NZ_CP026803.1
Shig_flexneri_89-141	NZ_CP026804.1
Shig_flexneri_93-3063	NZ_CP026768.1
Shig_flexneri_93-3063	NZ_CP026769.1
Shig_flexneri_93-3063	NZ_CP026770.1
Shig_flexneri_93-3063	NZ_CP026771.1
Shig_flexneri_94-3007	NZ_CP024473.1
Shig_flexneri_94-3007	NZ_CP024474.1
Shig_flexneri_94-3007	NZ_CP024475.1
Shig_flexneri_94-3007	NZ_CP024476.1
Shig_flexneri_981	NZ_CP012137.1
Shig_flexneri_981	NZ_CP012138.1
Shig_flexneri_981	NZ_CP012139.1
Shig_flexneri_98-3193	NZ_CP026776.1
Shig_flexneri_ATCC_29903	NZ_CP026788.1
Shig_flexneri_ATCC_29903	NZ_CP026789.1
Shig_flexneri_ATCC_29903	NZ_CP026790.1
Shig_flexneri_AUSMDU00008332	NZ_LR213455.1
Shig_flexneri_AUSMDU00008332	NZ_LR213456.1
Shig_flexneri_AUSMDU00008332	NZ_LR213457.1
Shig_flexneri_AUSMDU00008355	NZ_LR213452.1
Shig_flexneri_AUSMDU00008355	NZ_LR213453.1
Shig_flexneri_AUSMDU00008355	NZ_LR213454.1
Shig_flexneri_FC906	NZ_CP037996.1
Shig_flexneri_FDAARGOS_535	NZ_CP034060.1
Shig_flexneri_FDAARGOS_535	NZ_CP034059.1
Shig_flexneri_FDAARGOS_535	NZ_CP034061.1
Shig_flexneri_FDAARGOS_535	NZ_CP034062.1
Shig_flexneri_FDAARGOS_535	NZ_CP034063.1
Shig_flexneri_FDAARGOS_535	NZ_CP034064.1
Shig_flexneri_FDAARGOS_535	NZ_CP034065.1
Shig_flexneri_FDAARGOS_74	NZ_CP026098.1
Shig_flexneri_FDAARGOS_74	NZ_CP026099.1
Shig_flexneri_G1663	NZ_CP007037.1
Shig_flexneri_G1663	NZ_CP007038.1
Shig_flexneri_GCF_000953035_1	NZ_LM651928.1
Shig_flexneri_M90T	NZ_CP037923.1
Shig_flexneri_M90T	NZ_CP037924.1
Shig_flexneri_NCTC_9728	NZ_CP026799.1
Shig_flexneri_NCTC_9728	NZ_CP026800.1
Shig_flexneri_SFL1520	NZ_CP032513.1
Shig_flexneri_Shi06HN006	NZ_CP004057.1
Shig_flexneri_Y394	NZ_CP020753.1
Shig_sonnei_866	NZ_CP022672.1
Shig_sonnei_866	NZ_CP022673.1
Shig_sonnei_AR_0030	NZ_CP032523.1
Shig_sonnei_AR_0030	NZ_CP032524.1
Shig_sonnei_AR_0030	NZ_CP032525.1
Shig_sonnei_AUSMDU00008333	NZ_LR213458.1
Shig_sonnei_AUSMDU00008333	NZ_LR213459.1
Shig_sonnei_AUSMDU00008333	NZ_LR213460.1
Shig_sonnei_AUSMDU00008333	NZ_LR213461.1
Shig_sonnei_FDAARGOS_524	NZ_CP034067.1
Shig_sonnei_FDAARGOS_524	NZ_CP034066.1
Shig_sonnei_FDAARGOS_524	NZ_CP034068.1
Shig_sonnei_FDAARGOS_524	NZ_CP034069.1
Shig_sonnei_FDAARGOS_524	NZ_CP034070.1
Shig_sonnei_FDAARGOS_90	NZ_CP014099.2
Shig_sonnei_FDAARGOS_90	NZ_CP014096.2
Shig_sonnei_FDAARGOS_90	NZ_CP014097.2
Shig_sonnei_FDAARGOS_90	NZ_CP014098.1
Shig_sonnei_FDAARGOS_90	NZ_CP014100.1
Shig_sonnei_FDAARGOS_90	NZ_CP014101.1
Shig_sp._PAMC_28760	NZ_CP014768.1
